name,ID,category,desc,syn,pathways,targets
heparin,DB01109,Anticoagulants,"Unfractionated heparin (UH) is a heterogenous preparation of anionic, sulfated glycosaminoglycan polymers with weights ranging from 3000 to 30,000 Da. It is a naturally occurring anticoagulant released from mast cells. It binds reversibly to antithrombin III (ATIII) and greatly accelerates the rate at which ATIII inactivates coagulation enzymes thrombin (factor IIa) and factor Xa. UH is different from low molecular weight heparin (LMWH) in the following ways: the average molecular weight of LMWH is about 4.5 kDa whereas it is 15 kDa for UH; UH requires continuous infusions; activated partial prothrombin time (aPTT) monitoring is required when using UH; and UH has a higher risk of bleeding and higher risk of osteoporosis in long term use. Unfractionated heparin is more specific than LMWH for thrombin. Furthermore, the effects of UH can typically be reversed by using protamine sulfate.","['Calciparine', 'Eparina', 'heparina', 'Heparinate', 'Heparinic acid', 'Liquaemin', 'Panheprin', 'Unfractionated heparin', 'Heparin']","['\n      ', '\n      ']","['\n      ', '\n      ', '\n      ', '\n      ', '\n      ', '\n      ', '\n      ', '\n      ', '\n      ', '\n      ', '\n      ', '\n      ']"
warfarin,DB00682,Anticoagulants,"Warfarin is an anticoagulant drug normally used to prevent blood clot formation as well as migration. Although originally marketed as a pesticide (d-Con, Rodex, among others), Warfarin has since become the most frequently prescribed oral anticoagulant in North America. Warfarin has several properties that should be noted when used medicinally, including its ability to cross the placental barrier during pregnancy which can result in fetal bleeding, spontaneous abortion, preterm birth, stillbirth, and neonatal death. Additional adverse effects such as necrosis, purple toe syndrome, osteoporosis, valve and artery calcification, and drug interactions have also been documented with warfarin use. Warfarin does not actually affect blood viscosity, rather, it inhibits vitamin-k dependent synthesis of biologically active forms of various clotting factors in addition to several regulatory factors.","['4-Hydroxy-3-(3-oxo-1-phenylbutyl)coumarin', 'Coumafene', 'Warfarin', 'Warfarina', 'Zoocoumarin', 'Warfarin']",['\n      '],"['\n      ', '\n      ']"
streptokinase,DB00086,Thrombolytics,"Streptokinase, is a sterile, purified preparation of a bacterial protein elaborated by group C (beta) -hemolytic streptococci.","['Streptokinase C precursor', 'Streptokinase']",['\n      '],"['\n      ', '\n      ']"
urokinase,DB00013,Thrombolytics,"Low molecular weight form of human urokinase, that consists of an A chain of 2,000 daltons linked by a sulfhydryl bond to a B chain of 30,400 daltons. Recombinant urokinase plasminogen activator","['U-plasminogen activator', 'uPA', 'Urokinase-type plasminogen activator precursor', 'Urokinase']",['\n      '],"['\n      ', '\n      ', '\n      ', '\n      ', '\n      ', '\n      ', '\n      ', '\n      ', '\n      ', '\n      ']"
tpa,DB00009,Thrombolytics,"Human tissue plasminogen activator, purified, glycosylated, 527 residues purified from CHO cells","['Alteplasa', 'Alteplase (genetical recombination)', 'Alteplase, recombinant', 'Alteplase,recombinant', 'Plasminogen activator (human tissue-type protein moiety)', 'rt-PA', 't-PA', 't-plasminogen activator', 'Tissue plasminogen activator', 'Tissue plasminogen activator alteplase', 'Tissue plasminogen activator, recombinant', 'tPA', 'Alteplase']",['\n      '],"['\n      ', '\n      ', '\n      ', '\n      ']"
apsac,DB00029,Thrombolytics,"Human tissue plasminogen activator, purified, glycosylated, 527 residues purified from CHO cells. Eminase is a lyophilized (freeze-dried) formulation of anistreplase, the p-anisoyl derivative of the primary Lys-plasminogen-streptokinase activator complex (a complex of Lys-plasminogen and streptokinase). A p-anisoyl group is chemically conjugated to a complex of bacterial-derived streptokinase and human Plasma-derived Lys-plasminogen proteins.","['Anisoylated plasminogen streptokinase activator complex', 'APSAC', 'Anistreplase']",['\n      '],"['\n      ', '\n      ', '\n      ', '\n      ']"
dabigatran,DB14726,Thrombolytics,,"['Dabigatran', 'Dabigatran']",[],[]
rivaroxaban,DB06228,Thrombolytics,"Rivaroxaban is an anticoagulant and the first orally active direct factor Xa inhibitor. Unlike warfarin, routine lab monitoring of INR is not necessary. However there is no antidote available in the event of a major bleed. Only the 10 mg tablet can be taken without regard to food. The 15 mg and 20 mg tablet should be taken with food. FDA approved on July 1, 2011.","['Rivaroxaban', 'Rivaroxaban']",[],['\n      ']
apixaban,DB06605,Thrombolytics,"Apixaban is an oral, direct, and highly selective factor Xa (FXa) inhibitor (of both free and prothrombinase-bound FXa independently of antithrombin III) for the prevention and treatment of thromboembolic diseases. It is marketed under the name Eliquis. FDA approved on December 28, 2012.","['apixabán', 'Apixaban', 'apixabanum', 'Apixaban']",[],['\n      ']
edoxaban,DB09075,Thrombolytics,"Edoxaban is a member of the Novel Oral Anti-Coagulants (NOACs) class of drugs, and is a rapidly acting, oral, selective factor Xa inhibitor. By inhibiting factor Xa, a key protein in the coagulation cascade, edoxaban prevents the stepwise amplification of protein factors needed to form blood clots. It is indicated to reduce the risk of stroke and systemic embolism (SE) in patients with nonvalvular atrial fibrillation (NVAF) and for the treatment of deep vein thrombosis (DVT) and pulmonary embolism (PE) following 5-10 days of initial therapy with a parenteral anticoagulant. Traditionally, warfarin, a vitamin K antagonist, was used for stroke prevention in these individuals but effective use of this drug is limited by it's delayed onset, narrow therapeutic window, need for regular monitoring and INR testing, and numerous drug-drug and drug-food interactions. This has prompted enthusiasm for newer agents such as dabigatran, apixaban, and rivaroxaban for effective clot prevention. In addition to once daily dosing, the benefits over warfarin also include significant reductions in hemorrhagic stroke and GI bleeding, and improved compliance, which is beneficial as many patients will be on lifelong therapy. ","['Edoxaban', 'Edoxaban']",[],['\n      ']
clopidogrel,DB00758,Antiplatelets,"Clopidogrel, an antiplatelet agent structurally and pharmacologically similar to ticlopidine, is used to inhibit blood clots in a variety of conditions such as peripheral vascular disease, coronary artery disease, and cerebrovascular disease. Clopidogrel is sold under the name Plavix by Sanofi and Bristol-Myers Squibb. The drug is an irreversible inhibitor of the P2Y12 adenosine diphosphate receptor found on the membranes of platelet cells. Clopidogrel use is associated with several serious adverse drug reactions such as severe neutropenia, various forms of hemorrhage, and cardiovascular edema.","['(+)-Clopidogrel', 'Clopidogrel', 'Clopidogrelum', 'Clopidogrel']","['\n      ', '\n      ']",['\n      ']
ticlopidine,DB00208,Antiplatelets,"Ticlopidine is an effective inhibitor of platelet aggregation. It is a prodrug that is metabolised to an active form, which blocks the ADP receptor that is involved in GPIIb/IIIa receptor activation leading to platelet aggregation. Ticlopidine is marketed under the brand name Ticlid and is indicated for patients who cannot take aspirin or in whom aspirin has not worked to prevent a thrombotic stroke. The FDA label includes a black-box warning of neutropenia, aplastic anemia, thrombotic thrombocytopenia purpura, and agranulocytosis, so it is necessary to monitor patients' WBC and platelets when they are taking ticlopidine.","['Ticlopidina', 'Ticlopidine', 'Ticlopidinum', 'Ticlopidine']","['\n      ', '\n      ']",['\n      ']
abciximab,DB00054,Antiplatelets,"Abciximab is a Fab fragment of the chimeric human-murine monoclonal antibody 7E3. Abciximab binds to the glycoprotein (GP) IIb/IIIa receptor of human platelets and inhibits platelet aggregation by preventing the binding of fibrinogen, von Willebrand factor, and other adhesive molecules. It also binds to vitronectin (αvβ3) receptor found on platelets and vessel wall endothelial and smooth muscle cells.","['7E3', '7E3 antibody', 'Abciximab (genetical recombination)', 'antiGPIIBIIIa', 'c7E3', 'Abciximab']",['\n      '],"['\n      ', '\n      ', '\n      ', '\n      ', '\n      ', '\n      ', '\n      ', '\n      ', '\n      ', '\n      ', '\n      ', '\n      ', '\n      ', '\n      ']"
cangrelor,DB06441,Antiplatelets,"Cangrelor is an intravenous, direct-acting, reversible P2Y12 inhibitor for patients undergoing percutaneous coronary intervention (PCI) who have not been yet treated by oral P2Y12 inhibitors. An advantage Cangrelor provides over oral P2Y12 inhibitors (such as prasugrel, ticagrelor, and clopidogrel) is that it is an active drug not requiring metabolic conversion therefore providing a rapid onset and offset of action. Cangrelor was approved by the FDA in June 2015 for intravenous application.","['[dichloro-[[[(2R,3S,4R,5R)-3,4-dihydroxy-5-[6-(2-methylsulfanylethylamino)-2-(3,3,3-trifluoropropylsulfanyl)purin-9-yl]oxolan-2-yl]methoxy-hydroxyphosphoryl]oxy-hydroxyphosphoryl]methyl]phosphonic acid', 'Cangrelor', 'Cangrelor']",[],['\n      ']
prasugrel,DB06209,Antiplatelets,"Prasugrel, a thienopyridine derivative, is a platelet activation and aggregation inhibitor structurally and pharmacologically related to clopidogrel and ticlopidine. Similar to clopidogrel, prasugrel is a prodrug that requires enzymatic transformation in the liver to its active metabolite, R-138727. R-138727 irreversibly binds to P2Y12 type ADP receptors on platelets thus preventing activation of the GPIIb/IIIa receptor complex. As a result, inhibition of ADP-mediated platelet activation and aggregation occurs. Prasugrel was developed by Daiichi Sankyo Co. and is currently marketed in the United States and Canada in cooperation with Eli Lilly and Company for acute coronary syndromes planned for percutaneous coronary intervention (PCI). FDA approved in 2009.","['Prasugrel', 'Prasugrel']",[],['\n      ']
ticagrelor,DB08816,Antiplatelets,"Ticagrelor (trade name Brilinta in the US, Brilique and Possia in the EU) is a platelet aggregation inhibitor produced by AstraZeneca. Unlike clopidogrel, ticagrelor is not a prodrug and does not require metabolic activation. The drug was approved for use in the European Union by the European Commission on December 3, 2010. The drug was approved by the US Food and Drug Administration on July 20, 2011.","['(1S,2S,3R,5S)-3-(7-((1R,2S)-2-(3,4-Difluorophenyl)cyclopropylamino)-5-(propylthio)-3H-(1,2,3)triazolo(4,5-D)pyrimidin-3-yl)-5-(2-hydroxyethoxy)cyclopentane-1,2-diol', 'Ticagrelor', 'Ticagrelor']",[],['\n      ']
aspirin,DB00945,Antiplatelets,"The prototypical analgesic used in the treatment of mild to moderate pain. It has anti-inflammatory and antipyretic properties and acts as an inhibitor of cyclooxygenase which results in the inhibition of the biosynthesis of prostaglandins. Acetylsalicylic acid also inhibits platelet aggregation and is used in the prevention of arterial and venous thrombosis. (From Martindale, The Extra Pharmacopoeia, 30th ed, p5)","['2-Acetoxybenzenecarboxylic acid', '2-Acetoxybenzoic acid', 'Acetylsalicylate', 'Acetylsalicylsäure', 'acide 2-(acétyloxy)benzoïque', 'acide acétylsalicylique', 'ácido acetilsalicílico', 'Acidum acetylsalicylicum', 'ASA', 'Aspirin', 'Aspirina', 'Azetylsalizylsäure', 'o-acetoxybenzoic acid', 'O-acetylsalicylic acid', 'o-carboxyphenyl acetate', 'Polopiryna', 'salicylic acid acetate', 'Acetylsalicylic acid']",['\n      '],"['\n      ', '\n      ', '\n      ', '\n      ', '\n      ', '\n      ', '\n      ', '\n      ', '\n      ', '\n      ', '\n      ']"
triflusal,DB08814,Antiplatelets,"Triflusal is a 2-acetoxy-4-trifluoromethylbenzoic acid and it is an aspirin chemically-related molecule but not a derivative. The benefits of this agent are the lack of action over the arachidonic acid pathway, the driven production of nitric oxide and the increase of cyclic nucleotide concentration on endothelial cells. The latest translates into the expansion of peripheral blood vessels.[A31675] It is very important as a secondary prevention of ischemic stroke by offering a lower risk of bleeding.[A31676] It was developed by  J. Uriach and Company and even though it is commercialized in different countries it is not approved by the FDA, EMA or HealthCanada.","['Triflusal', 'Triflusal']",[],"['\n      ', '\n      ', '\n      ', '\n      ']"
cilostazol,DB01166,Antiplatelets,"Cilostazol is a medication used in the alleviation of the symptom of intermittent claudication in individuals with peripheral vascular disease. It is manufactured by Otsuka Pharmaceutical Co. under the trade name Pletal. Although drugs similar to cilostazol have increased the risk of death in patients with congestive heart failure, studies of significant size have not addressed people without the disease. [Wikipedia]","['3,4-dihydro-6-(4-(1-Cyclohexyl-1H-tetrazol-5-yl)butoxy)-2(1H)-quinolinone', '6-(4-(1-Cyclohexyl-1H-tetrazol-5-yl)butoxy)-3,4-dihydro-2(1H)-quinolinone', '6-(4-(1-Cyclohexyl-1H-tetrazol-5-yl)butoxy)-3,4-dihydrocarbostyril', '6-[4-(1-Cyclohexyl-1H-tetrazol-5-yl)-butoxy]-3,4-dihydro-1H-quinolin-2-one', 'Cilostazol', 'Cilostazole', 'Cilostazolum', 'Cilostazol']",['\n      '],['\n      ']
vorapaxar,DB09030,Antiplatelets,"Vorapaxar is a tricyclic himbacine-derived selective inhibitor of protease activated receptor (PAR-1) indicated for reducing the incidence of thrombotic cardiovascular events in patients with a history of myocardial infarction (MI) or with peripheral arterial disease (PAD). By inhibiting PAR-1, a thrombin receptor expressed on platelets, vorapaxar prevents thrombin-related platelet aggregation.","[""[(1R,3aR,4aR,6R,8aR,9S,9aS)-9-{(E)-2-[5-(3-Fluorophényl)-2-pyridinyl]vinyl}-1-méthyl-3-oxododécahydronaphto[2,3-c]furan-6-yl]carbamate d'éthyle"", 'Carbamic acid, [(1R,3aR,4aR,6R,8aR,9S,9aS)-9-[(1E)-2-[5-(3-fluorophenyl)-2- pyridinyl]ethenyl]dodecahydro-1-methyl-3-oxonaphtho[2,3-c]furan-6-yl]-, ethyl ester', 'Carbamic acid, N-[(1R,3aR,4aR,6R,8aR,9S,9aS)-9-[(E)-2-[5-(3-fluorophenyl)-2-pyridinyl]ethenyl]dodecahydro-1-methyl-3-oxonaphtho[2,3-c]furan-6-yl]-, ethyl ester', 'Ethyl N-[(3R,3aS,4S,4aR,7R,8aR,9aR)-4-[(E)-2-[5-(3-fluorophenyl)-2-pyridyl]vinyl]-3-methyl-1-oxo-3a,4,4a,5,6,7,8,8a,9,9a-decahydro-3H-benzo[f]isobenzofuran-7-yl]carbamate', 'Vorapaxar', 'Vorapaxar']",[],['\n      ']
eptifibatide,DB00063,Antiplatelets,Synthetic cyclic hexapeptide that binds to platelet receptor glycoprotein and inhibits platelet aggregation.,"['Eptifibatida', 'Integrelin', 'Intrifiban', 'Eptifibatide']",['\n      '],['\n      ']
tirofiban,DB00775,Antiplatelets,"Tirofiban prevents the blood from clotting during episodes of chest pain or a heart attack, or while the patient is undergoing a procedure to treat a blocked coronary artery. It is a non-peptide reversible antagonist of the platelet glycoprotein (GP) IIb/IIIa receptor, and inhibits platelet aggregation.","['(2S)-2-(butylsulfonylamino)-3-[4-(4-piperidin-4-ylbutoxy)phenyl]propanoic acid', 'N-(Butylsulfonyl)-O-(4-(4-piperidyl)butyl)-L-tyrosine', 'Tirofiban', 'Tirofibán', 'Tirofibanum', 'Tirofiban']",['\n      '],"['\n      ', '\n      ']"
dipyridamole,DB00975,Antiplatelets,"A phosphodiesterase inhibitor that blocks uptake and metabolism of adenosine by erythrocytes and vascular endothelial cells. Dipyridamole also potentiates the antiaggregating action of prostacyclin. (From AMA Drug Evaluations Annual, 1994, p752)","['Dipiridamol', 'Dipyridamine', 'Dipyridamole', 'Dipyridamolum', 'Dipyudamine', 'Dypyridamol', 'Dipyridamole']",['\n      '],"['\n      ', '\n      ', '\n      ', '\n      ', '\n      ', '\n      ']"
simvastatin,DB00641,HMG-CoA Reductase inhibitors (Statins),"Simvastatin is a lipid-lowering agent that is derived synthetically from the fermentation of Aspergillus terreus. It is a potent competitive inhibitor of 3-hydroxy-3-methylglutaryl coenzyme A reductase (hydroxymethylglutaryl COA reductases), which is the rate-limiting enzyme in cholesterol biosynthesis. It may also interfere with steroid hormone production. Due to the induction of hepatic LDL receptors, it increases breakdown of LDL cholesterol.","['2,2-dimethylbutyric acid, 8-ester with (4R,6R)-6-(2-((1S,2S,6R,8S,8aR)-1,2,6,7,8,8a-hexahydro-8-hydroxy-2,6-dimethyl-1-naphthyl)ethyl)tetrahydro-4-hydroxy-2H-pyran-2-one', 'Simvastatin', 'Simvastatina', 'Simvastatine', 'Simvastatinum', 'Simvastatin']",['\n      '],"['\n      ', '\n      ', '\n      ']"
lovastatin,DB00227,HMG-CoA Reductase inhibitors (Statins),"Lovastatin is a cholesterol-lowering agent that belongs to the class of medications called statins. It was the second agent of this class discovered. It was discovered by Alfred Alberts and his team at Merck in 1978 after screening only 18 compounds over 2 weeks. The agent, also known as mevinolin, was isolated from the fungi <i>Aspergillus terreus</i>. Research on this compound was suddenly shut down in 1980 and the drug was not approved until 1987. Interesting, Akira Endo at Sankyo Co. (Japan) patented lovastatin isolated from <i>Monascus ruber</i> four months before Merck. Lovastatin was found to be 2 times more potent than its predecessor, mevastatin, the first discovered statin. Like mevastatin, lovastatin is structurally similar to hydroxymethylglutarate (HMG), a substituent of HMG-Coenzyme A (HMG-CoA), a substrate of the cholesterol biosynthesis pathway via the mevalonic acid pathway. Lovastatin is a competitive inhibitor of HMG-CoA reductase with a binding affinity 20,000 times greater than HMG-CoA. Lovastatin differs structurally from mevastatin by a single methyl group at the 6’ position. Lovastatin is a prodrug that is activated by <i>in vivo</i> hydrolysis of the lactone ring. It, along with mevastatin, has served as one of the lead compounds for the development of the synthetic compounds used today.","['(1S,3R,7S,8S,8aR)-1,2,3,7,8,8a-hexahydro-3,7-dimethyl-8-(2-(2R,4R)-(tetrahydro-4-hydroxy-6-oxo-2H-pyran-2-yl)ethyl)-1-naphthalenyl (S)-2-methyl-butyrate', '2β,6α-dimethyl-8alpha-(2-methyl-1-oxobutoxy)-mevinic acid lactone', '6-alpha-methylcompactin', '6alpha-methylcompactin', '6α-methylcompactin', 'Lovastatin', 'Lovastatina', 'Lovastatine', 'Lovastatinum', 'Mevinolin', 'Lovastatin']",['\n      '],"['\n      ', '\n      ', '\n      ']"
pravastatin,DB00175,HMG-CoA Reductase inhibitors (Statins),"Pravastatin is a cholesterol-lowering agent that belongs to a class of medications known as statins. It was derived from microbial transformation of mevastatin, the first statin discovered. It is a ring-opened dihydroxyacid with a 6’-hydroxyl group that does not require _in vivo_ activation. Pravastatin is one of the lower potency statins; however, its increased hydrophilicity is thought to confer advantages such as minimal penetration through lipophilic membranes of peripheral cells, increased selectivity for hepatic tissues, and a reduction in side effects compared with lovastatin and simvastatin.","['(+)-(3R,5R)-3,5-dihydroxy-7-[(1S,2S,6S,8S,8aR)-6-hydroxy-2-methyl-8-{[(S)-2-methylbutyryl]oxy}-1,2,6,7,8,8a-hexahydro-1-naphthyl]heptanoic acid', 'Pravastatin', 'Pravastatin acid', 'Pravastatina', 'Pravastatine', 'Pravastatinum', 'Pravastatin']",['\n      '],['\n      ']
atorvastatin,DB01076,HMG-CoA Reductase inhibitors (Statins),"Atorvastatin (Lipitor) is a member of the drug class known as statins. It is used for lowering cholesterol. Atorvastatin is a competitive inhibitor of hydroxymethylglutaryl-coenzyme A (HMG-CoA) reductase, the rate-determining enzyme in cholesterol biosynthesis via the mevalonate pathway. HMG-CoA reductase catalyzes the conversion of HMG-CoA to mevalonate. Atorvastatin acts primarily in the liver. Decreased hepatic cholesterol levels increases hepatic uptake of cholesterol and reduces plasma cholesterol levels.","['Atorvastatin', 'atorvastatina', 'atorvastatine', 'atorvastatinum', 'Atorvastatin']",[],"['\n      ', '\n      ', '\n      ']"
fluvastatin,DB01095,HMG-CoA Reductase inhibitors (Statins),"Fluvastatin is an antilipemic agent that competitively inhibits hydroxymethylglutaryl-coenzyme A (HMG-CoA) reductase. HMG-CoA reductase catalyzes the conversion of HMG-CoA to mevalonic acid, the rate-limiting step in cholesterol biosynthesis. Fluvastatin belongs to a class of medications called statins and is used to reduce plasma cholesterol levels and prevent cardiovascular disease. It is also the first entirely synthetic HMG-CoA reductase inhibitor and is structurally distinct from the fungal derivatives of this therapeutic class. Fluvastatin is a racemate comprising equimolar amounts of (3R,5S)- and (3S,5R)-fluvastatin.","['Fluvastatin', 'fluvastatina', 'fluvastatine', 'fluvastatinum', 'Fluvastatin']",['\n      '],['\n      ']
rosuvastatin,DB01098,HMG-CoA Reductase inhibitors (Statins),"Rosuvastatin is an antilipemic agent that competitively inhibits hydroxymethylglutaryl-coenzyme A (HMG-CoA) reductase. HMG-CoA reducuase catalyzes the conversion of HMG-CoA to mevalonic acid, the rate-limiting step in cholesterol biosynthesis. Rosuvastatin belongs to a class of medications called statins and is used to reduce plasma cholesterol levels and prevent cardiovascular disease.","['(3R,5S,6E)-7-(4-(4-fluorophenyl)-6-(1-methylethyl)-2-(ethyl(methylsulfonyl)amino)-5-pyrimidinyl)-3,5-dihydroxy-6-heptenoic acid', '(3R,5S,6E)-7-{4-(4-fluorophenyl)-6-isopropyl-2-[methyl(methylsulfonyl)amino]pyrimidin-5-yl}-3,5-dihydroxyhept-6-enoic acid', 'Rosuvastatin', 'Rosuvastatina', 'Rosuvastatin']",['\n      '],['\n      ']
gemfibrozil,DB01241,Fibrates,A lipid-regulating agent that lowers elevated serum lipids primarily by decreasing serum triglycerides with a variable reduction in total cholesterol. These decreases occur primarily in the VLDL fraction and less frequently in the LDL fraction. Gemfibrozil increases HDL subfractions HDL2 and HDL3 as well as apolipoproteins A-I and A-II. Its mechanism of action has not been definitely established.,"['2,2-Dimethyl-5-(2,5-dimethylphenoxy)valeriansäure', '2,2-Dimethyl-5-(2,5-xylyloxy)valeriansäure', '2,2-Dimethyl-5-(2,5-xylyloxy)valeric acid', 'Gemfibrozil', 'Gemfibrozilo', 'Gemfibrozilum', 'Gemfibrozil']",[],['\n      ']
clofibrate,DB00636,Fibrates,"A fibric acid derivative used in the treatment of hyperlipoproteinemia type III and severe hypertriglyceridemia. (From Martindale, The Extra Pharmacopoeia, 30th ed, p986)","['2-(4-Chlorophenoxy)-2-methylpropanoic acid ethyl ester', '2-(p-Chlorophenoxy)-2-methylpropionic acid ethyl ester', 'alpha-(p-Chlorophenoxy)isobutyric acid, ethyl ester', 'alpha-p-Chlorophenoxyisobutyryl ethyl ester', 'Clofibrate', 'Clofibrato', 'Clofibratum', 'EPIB', 'Ethyl 2-(p-chlorophenoxy)isobutyrate', 'Ethyl chlorophenoxyisobutyrate', 'Ethyl clofibrate', 'Liprin', 'Clofibrate']",[],['\n      ']
bezafibrate,DB01393,Fibrates,Antilipemic agent that lowers cholesterol and triglycerides. It decreases low density lipoproteins and increases high density lipoproteins.,"['2-(p-(2-(p-Chlorobenzamido)ethyl)phenoxy)-2-methylpropionic acid', 'Bezafibrate', 'Bezafibrato', 'Bezafibratum', 'Bezafibrate']",[],"['\n      ', '\n      ', '\n      ', '\n      ', '\n      ', '\n      ', '\n      ']"
fenofibrate,DB01039,Fibrates,"Fenofibrate is a prodrug of fenofibric acid, an antilipemic agent which reduces both cholesterol and triglycerides in the blood.","['2-(4-(4-Chlorobenzoyl)phenoxy)-2-methylpropanoic acid 1-methylethyl ester', 'Fenofibrate', 'Fenofibrato', 'Fenofibratum', 'Finofibrate', 'FNF', ""Isopropyl (4'-(p-chlorobenzoyl)-2-phenoxy-2-methyl)propionate"", 'Isopropyl 2-(4-(4-chlorobenzoyl)phenoxy)-2-methylpropionate', 'Procetofen', 'Fenofibrate']",[],"['\n      ', '\n      ', '\n      ', '\n      ', '\n      ']"
ciprofibrate,DB09064,Fibrates,,"['ciprofibrato', 'Ciprofibrate']",[],['\n      ']
cholestyramine,DB01432,Bile Acid Resins,"Cholestyramine or colestyramine is a bile acid sequestrant. Bile acid sequestrants are polymeric compounds which serve as ion exchange resins. Cholestyramine resin is quite hydrophilic, but insoluble in water.","['Cholestyramine resin', 'Colestiramina', 'Colestyramine', 'Cholestyramine']",[],['\n      ']
colestipol,DB00375,Bile Acid Resins,Highly crosslinked and insoluble basic anion exchange resin used as anticholesteremic. It may also may reduce triglyceride levels.,"['Colestipol', 'Colestipolum', 'Copolymer of bis(2-aminoethyl)amine and 2-(chloromethyl)oxirane', 'Epichlorohydrin-tetraethylenepentamine polymer', 'Colestipol']",[],['\n      ']
colesevelam,DB00930,Bile Acid Resins,Colesevelam is a bile acid sequestrant. Colesevelam is used with exercise and diet changes (restriction of cholesterol and fat intake) to reduce the amount of cholesterol and certain fatty substances in the blood. It works by binding bile acids in the intestine. Bile acids are made when cholesterol is broken down in the body. Removing these bile acids helps to lower blood cholesterol.,"['Colesevelam', 'Colesevelam']",[],['\n      ']
ezetimibe,DB00973,Cholesteron Absorption Blocker,"Ezetimibe is a lipid-lowering compound that inhibits intestinal cholesterol and related phytosterol absorption. The discovery and research of this drug began in the early 1990's, where intravenous administration of radio-labelled compound in rats resulting in subsequent localization of the drug within enterocytes at the intestinal villus, leading to studies of investigating the effect of ezetimibe on intestinal cholesterol absorption [A15202]. Ezetimibe is used as an adjunctive therapy to diet to lower cholesterol levels in primary hyperlipidemia, mixed hyperlipidemia, homozygous familial hypercholesterolemia (HoFH), and homozygous sitosterolemia (phytosterolemia) [FDA Label].

Unlike other classes of cholesterol-reducing compounds including statins and bile acid sequestrants, ezetimibe has a distinct mechanism of action involving the sterol transporter Niemann-Pick C1-Like 1 (NPC1L1), and is the first drug that does not affect absorption of fat-soluble nutrients such as fat-soluble vitamins, triglycerides, or bile acids [A33313]. In genetically NPC1L1-deficient mice, a 70% reduction in intestinal cholesterol absorption was seen and the mice were insensitive to ezetimibe treatment [A15202]. Based on these findings, it is indicated that NPC1L1 plays an essential role in promoting intestinal cholesterol uptake via an ezetimibe-sensitive pathway [A15202]. By interfering with the intestinal uptake of cholesterol and phytosterols, ezetimibe reduces the delivery of intestinal cholesterol to the liver [FDA Label].","['Ezetimiba', 'ézétimibe', 'Ezetimibe', 'Ezetimibum', 'Ezetimibe']",[],"['\n      ', '\n      ', '\n      ']"
metformin,DB00331,Metformin,"Metformin is a biguanide antihyperglycemic agent used for treating non-insulin-dependent diabetes mellitus (NIDDM). It improves glycemic control by decreasing hepatic glucose production, as well as decreasing glucose absorption and increasing insulin-mediated glucose uptake. 

Another well-known benefit of this drug is modest weight loss. Metformin is the drug of choice for obese NIDDM (non-insulin dependent diabetes mellitus) patients [A36559].

Metformin was approved in Canada initially in 1972 [A36552], the 1970s in Europe, and in 1995 in the USA [L4087].","['1,1-Dimethylbiguanide', 'Dimethylbiguanid', 'Metformin', 'Metformina', 'Metformine', 'Metforminum', 'Metformin']",[],['\n      ']
lobeglitazone,DB09198,Thiazolidinediones,"Lobeglitazone is an antidiabetic medication from the thiazolidinedione class of drugs. It primarily functions as an insulin sensitizer by binding and activating Peroxisome Proliferator-Activated Receptors (PPAR) gamma within fat cells. By activating PPAR-gamma and promoting the binding of insulin at fat cells, lobeglitazone thereby has been shown to reduce blood sugar levels, lower hemoglobain A1C (HbA1C) levels, and improve lipid and liver profiles [A19748]. Unlike [DB01132], which is a dual PPAR agonist at PPAR-alpha and PPAR-gamma, Lobeglitazone is a pure PPAR-alpha agonist. 

Lobeglitazone was approved by the Ministry of Food and Drug Safety (South Korea) in 2013, and is being monitored by postmarketing surveillance until 2019. Lobeglitazone is not approved for use by either the Food and Drug Administration (USA), Health Canada, or by the European Medicines Agency for use in the management of diabetes.",['Lobeglitazone'],[],['\n      ']
acarbose,DB00284,Alpha-glucosidase Inhibitors,"An inhibitor of alpha glucosidase that retards the digestion and absorption of carbohydrates in the small intestine and hence reduces the increase in blood-glucose concentrations after a carbohydrate load. It is given orally to non-insulin dependent diabetes mellitus patients where diet modification or oral hypoglycemic agents do not control their condition. (From Martindale The Extra Pharmacopoeia, 31st ed)","['Acarbosa', 'Acarbose', 'Acarbosum', 'Acarbose']",[],"['\n      ', '\n      ', '\n      ', '\n      ']"
miglitol,DB00491,Alpha-glucosidase Inhibitors,"Miglitol is an oral anti-diabetic drug that acts by inhibiting the ability of the patient to breakdown complex carbohydrates into glucose. It is primarily used in diabetes mellitus type 2 for establishing greater glycemic control by preventing the digestion of carbohydrates (such as disaccharides, oligosaccharides, and polysaccharides) into monosaccharides which can be absorbed by the body.

Miglitol inhibits glycoside hydrolase enzymes called alpha-glucosidases. Since miglitol works by preventing digestion of carbohydrates, it lowers the degree of postprandial hyperglycemia. It must be taken at the start of main meals to have maximal effect. Its effect will depend on the amount of non-monosaccharide carbohydrates in a person's diet.

In contrast to acarbose (another alpha-glucosidase inhibitor), miglitol is systemically absorbed; however, it is not metabolized and is excreted by the kidneys.","['Miglitol', 'Miglitolum', 'Miglitol']",[],"['\n      ', '\n      ', '\n      ', '\n      ']"
exenatide,DB01276,Glucagon-like peptide-1 blockers,"Exenatide, derived from a compound found in the saliva of the Gila monster, a large lizard native to the southwestern US, is a functional analog of Glucagon-Like Peptide-1 (GLP-1), a naturally occuring peptide.","['Exenatida', 'Exenatide', 'Exenatide synthetic', 'Exendin 4', 'Exendin-4', 'Synthetic exendin-4', 'Exenatide']",[],['\n      ']
sitagliptin,DB01261,Glucagon-like peptide-1 blockers,"Sitagliptin is a new oral hypoglycemic (anti-diabetic drug) of the new dipeptidyl peptidase-4 (DPP-4) inhibitor class of drugs. This enzyme-inhibiting drug is to be used either alone or in combination with metformin or a thiazolidinedione for control of type 2 diabetes mellitus. The drug works to competitively inhibit a protein/enzyme, dipeptidyl peptidase 4 (DPP-4), that results in an increased amount of active incretins (GLP-1 and GIP), reduced amount of release of glucagon (diminishes its release) and increased release of insulin.","['Sitagliptin', 'Sitagliptina', 'Sitagliptine', 'Sitagliptinum', 'Sitagliptin']",[],['\n      ']
canagliflozin,DB08907,Glucagon-like peptide-1 blockers,"Canagliflozin belongs to a new class of anti-diabetic drugs that works by inhibiting the sodium-glucose transport protein (SGLT2). This transport protein is found in the kidney and is responsible for reabsorbing glucose that has been filtered. FDA approved on March 29, 2013.","['Canagliflozin', 'Canagliflozin anhydrous', 'Canagliflozina', 'Canagliflozin']",[],"['\n      ', '\n      ']"
propranolol,DB00571,Beta Blockers,"A widely used non-cardioselective beta-adrenergic antagonist. Propranolol is used in the treatment or prevention of many disorders including acute myocardial infarction, arrhythmias, angina pectoris, hypertension, hypertensive emergencies, hyperthyroidism, migraine, pheochromocytoma, menopause, and anxiety. [PubChem]","['1-((1-Methylethyl)amino)-3-(1-naphthalenyloxy)-2-propanol', '1-(isopropylamino)-3-(1-naphthyloxy)propan-2-ol', 'beta-Propranolol', 'Propanalol', 'Propanolol', 'Propranolol', 'Propranololo', 'Propranololum', 'β-Propranolol', 'Propranolol']",['\n      '],"['\n      ', '\n      ', '\n      ', '\n      ', '\n      ']"
bucindolol,DB12752,Beta Blockers,Bucindolol has been investigated in Heart Failure.,['Bucindolol'],[],[]
carvedilol,DB01136,Beta Blockers,Carvedilol is a non-selective beta blocker indicated in the treatment of mild to moderate congestive heart failure (CHF). It blocks beta-1 and beta-2 adrenergic receptors as well as the alpha-1 adrenergic receptors.,"['(+-)-1-(Carbazol-4-yloxy)-3-((2-(o-methoxyphenoxy)ethyl)amino)-2-propanol', 'Carvédilol', 'Carvedilol', 'Carvedilolum', 'Carvedilol']",['\n      '],"['\n      ', '\n      ', '\n      ', '\n      ', '\n      ', '\n      ', '\n      ', '\n      ', '\n      ', '\n      ', '\n      ', '\n      ', '\n      ', '\n      ', '\n      ', '\n      ', '\n      ']"
carteolol,DB00521,Beta Blockers,"A beta-adrenergic antagonist used as an anti-arrhythmia agent, an anti-angina agent, an antihypertensive agent, and an antiglaucoma agent.","['Carteolol', 'Cartéolol', 'Carteololum', 'Carteolol']",['\n      '],"['\n      ', '\n      ']"
labetalol,DB00598,Beta Blockers,Blocker of both alpha- and beta-adrenergic receptors that is used as an antihypertensive.,"['3-Carboxamido-4-hydroxy-alpha-((1-methyl-3-phenylpropylamino)methyl)benzyl alcohol', '5-(1-Hydroxy-2-(1-methyl-3-phenylpropylamino)ethyl)salicylamide', 'Labétalol', 'Labetalol', 'Labetalolum', 'Labetolol', 'Labetalol']",['\n      '],"['\n      ', '\n      ', '\n      ']"
oxprenolol,DB01580,Beta Blockers,"A beta-adrenergic antagonist used in the treatment of hypertension, angina pectoris, arrhythmias, and anxiety.","['Oxprenololum', 'Oxprenolol']",['\n      '],"['\n      ', '\n      ', '\n      ']"
penbutolol,DB01359,Beta Blockers,"Penbutolol is a drug in the beta-blocker class used to treat hypertension. Penbutolol binds both beta-1 and beta-2 adrenergic receptors, rendering it a non-selective beta-blocker. Penbutolol can act as a partial agonist at beta adrenergic receptors, since it is a sympathomimetric drug. Penbutolol also demonstrates high binding affinity to the 5-hydroxytryptamine receptor 1A with antagonistic effects. This binding characteristic of penbutolol is being investigated for its implications in Antidepressant Therapy. Penbutolol is contraindicated in patients with cardiogenic shock, sinus bradycardia, second and third degree atrioventricular conduction block, bronchial asthma, and those with known hypersensitivity.","['(2S)-1-(tert-butylamino)-3-(2-cyclopentylphenoxy)propan-2-ol', '1-(tert-Butylamino)-3-(o-cyclopentylphenoxy)propan-2-ol', '2-Propanol, 1-(2-cyclopentylphenoxy)-3-((1,1-dimethylethyl)amino)-, (S)-', 'HOE 893', 'HOE 893D', 'Penbutolol', 'Penbutololum', 'Penbutolol']",['\n      '],"['\n      ', '\n      ', '\n      ', '\n      ']"
pindolol,DB00960,Beta Blockers,"A moderately lipophilic beta blocker (adrenergic beta-antagonists). It is non-cardioselective and has intrinsic sympathomimetic actions, but little membrane-stabilizing activity. (From Martindale, The Extra Pharmocopoeia, 30th ed, p638)","['1-(1H-indol-4-yloxy)-3-(isopropylamino)propan-2-ol', '1-(1H-indol-4-yloxy)-3-(propan-2-ylamino)-propan-2-ol', '1-(1H-indol-4-yloxy)-3-[(1-methylethyl)amino]propan-2-ol', '4-(2-hydroxy-3-isopropylaminopropoxy)-indole', 'Pindolol', 'Pindololum', 'Pindolol']",['\n      '],"['\n      ', '\n      ', '\n      ', '\n      ', '\n      ']"
sotalol,DB00489,Potassium Channel Blockers,An adrenergic beta-antagonist that is used in the treatment of life-threatening arrhythmias.,"[""4'-(1-hydroxy-2-(isopropylamino)ethyl)methane sulfonanilide"", 'Sotalol', 'Sotalolo', 'Sotalolum', 'β-cardone', 'Sotalol']",['\n      '],"['\n      ', '\n      ', '\n      ']"
timolol,DB00373,Beta Blockers,"A beta-adrenergic antagonist similar in action to propranolol. The levo-isomer is the more active. Timolol has been proposed as an antihypertensive, antiarrhythmic, antiangina, and antiglaucoma agent. It is also used in the treatment of migraine disorders and tremor.","['(S)-1-(tert-butylamino)-3-[(4-morpholin-4-yl-1,2,5-thiadiazol-3-yl)oxy]propan-2-ol', 'Timolol', 'Timolol anhydrous', 'Timololo', 'Timololum', 'Timolol']",['\n      '],"['\n      ', '\n      ', '\n      ']"
acebutolol,DB01193,Beta Blockers,A cardioselective beta-adrenergic antagonist with little effect on the bronchial receptors. The drug has stabilizing and quinidine-like effects on cardiac rhythm as well as weak inherent sympathomimetic action.,"['(±)-acebutolol', ""3'-acetyl-4'-(2-hydroxy-3-(isopropylamino)propoxy)butyranilide"", ""5'-butyramido-2'-(2-hydroxy-3-isopropylaminopropoxy)acetophenone"", 'Acebutolol', 'Acebutololum', 'Acetobutolol', 'N-(3-acetyl-4-[2-hydroxy-3-(isopropylamino)propoxy]phenyl)butanamide', 'N-[3-acetyl-4-[2-hydroxy-3-[(1-methylethyl)amino]propoxy]phenyl]butanamide', 'Acebutolol']",['\n      '],"['\n      ', '\n      ']"
atenolol,DB00335,Beta Blockers,"A cardioselective beta-adrenergic blocker possessing properties and potency similar to propranolol, but without a negative inotropic effect.","['1-p-Carbamoylmethylphenoxy-3-isopropylamino-2-propanol', '2-(p-(2-Hydroxy-3-(isopropylamino)propoxy)phenyl)acetamide', '4-(2-Hydroxy-3-((1-methylethyl)amino)propoxy)benzeneacetamide', 'Atenolol', 'Atenololum', 'Atenolol']",['\n      '],"['\n      ', '\n      ']"
betaxolol,DB00195,Beta Blockers,A cardioselective beta-1-adrenergic antagonist with no partial agonist activity.,"['1-(4-(2-(Cyclopropylmethoxy)ethyl)phenoxy)-3-((1-methylethyl)amino)-2-propanol', '1-(Isopropylamino)-3-[P-(cyclopropylmethoxyethyl)phenoxy]-2-propanol', 'Betaxolol', 'Betaxololum', 'Betaxolol']",['\n      '],"['\n      ', '\n      ']"
bisoprolol,DB00612,Beta Blockers,"Bisoprolol is a cardioselective &beta;1-adrenergic blocking agent used for secondary prevention of myocardial infarction (MI), heart failure, angina pectoris and mild to moderate hypertension. Bisoprolol is structurally similar to metoprolol, acebutolol and atenolol in that it has two substituents in the <i>para</i> position of the benzene ring. The &beta;1-selectivity of these agents is thought to be due in part to the large substituents in the <i>para</i> position. At lower doses (less than 20 mg daily), bisoprolol selectively blocks cardiac &beta;1-adrenergic receptors with little activity against &beta;2-adrenergic receptors of the lungs and vascular smooth muscle. Receptor selectivity decreases with daily doses of 20 mg or greater. Unlike propranolol and pindolol, bisoprolol does not exhibit membrane-stabilizing or sympathomimetic activity. Bisoprolol possesses a single chiral centre and is administered as a racemic mixture. Only <i>l</i>-bisoprolol exhibits significant &beta;-blocking activity.","['(+-)-1-((alpha-(2-Isopropoxyethoxy)-P-tolyl)oxy)-3-(isopropylamino)-2-propanol', '(RS)-1-(4-(2-isopropoxyethoxymethyl)phenoxy)-3-(isopropylamino)-2-propanol', 'Bisoprolol', 'Bisoprololum', 'Bisoprolol']",['\n      '],"['\n      ', '\n      ']"
celiprolol,DB04846,Beta Blockers,"Celiprolol is indicated for the management of mild to moderate hypertension and effort-induced angina pectoris. It has a unique pharmacology: it is a selective β1 receptor antagonist, but a β2 receptor partial agonist. It is also a weak α2 receptor antagonist. In 2010 a clinical trial has suggested a use for this medication in the prevention of vascular complications of a rare inherited disease called vascular Ehlers–Danlos syndrome. This study demonstrated decreased incidence of arterial rupture or dissection (a specific type of arterial rupture in which the layers of the vessel separate prior to complete failure of the artery wall). Celiprolol is not approved for use by the FDA in the treatment of vascular Ehlers–Danlos syndrome.","[""RS)-N'-{3-acetyl-4-[3-(tert-butylamino)-2-hydroxypropoxy]phenyl}-N,N-diethylurea"", 'Celiprolol']",[],"['\n      ', '\n      ', '\n      ', '\n      ', '\n      ', '\n      ']"
metoprolol,DB00264,Beta Blockers,"Metoprolol is a cardioselective β1-adrenergic blocking agent used for acute myocardial infarction (MI), heart failure, angina pectoris and mild to moderate hypertension. It may also be used for supraventricular and tachyarrhythmias and prophylaxis for migraine headaches. Metoprolol is structurally similar to bisoprolol, acebutolol and atenolol in that it has two substituents in the <i>para</i> position of the benzene ring. The β1-selectivity of these agents is thought to be due in part to the large substituents in the <i>para</i> position. At low doses, metoprolol selectively blocks cardiac β1-adrenergic receptors with little activity against β2-adrenergic receptors of the lungs and vascular smooth muscle. Receptor selectivity decreases with higher doses. Unlike propranolol and pindolol, metoprolol does not exhibit membrane-stabilizing or intrinsic sympathomimetic activity. Membrane-stabilizing effects are only observed at doses much higher than those needed for β-adrenergic blocking activity. Metoprolol possesses a single chiral centre and is administered as a racemic mixture.","['(RS)-Metoprolol', '1-(isopropylamino)-3-[4-(2-methoxyethyl)phenoxy]propan-2-ol', 'DL-metoprolol', 'Metoprolol', 'Metoprolol']",['\n      '],"['\n      ', '\n      ']"
nebivolol,DB04861,Beta Blockers,"Nebivolol is a highly cardioselective vasodilatory beta1 receptor blocker used in treatment of hypertension. In most countries, this medication is available only by prescription. [Wikipedia]","[""1,1'-[Bis(6-fluoro-3,4-dihydro-2H-1-benzopyran-2-yl)]-2,2'-iminodiethanol"", ""1,1'-Bis(6-fluoro-3,4-dihydro-2H-1-benzopyran-2-yl)-2,2'-iminodiethanol"", ""alpha,alpha'-(iminobismethylene)bis-(6-fluoro-3,4-dihydro-2H-1-benzopyran-2-methanol)"", ""alpha,alpha'-(iminodimethylene)bis-(6-fluoro-2-chromanmethanol)"", 'Narbivolol', 'Nebivolol', 'Nebivololum', 'Nebivolol']",['\n      '],"['\n      ', '\n      ']"
esmolol,DB00187,Beta Blockers,"Esmolol (trade name Brevibloc) is a cardioselective beta1 receptor blocker with rapid onset, a very short duration of action, and no significant intrinsic sympathomimetic or membrane stabilizing activity at therapeutic dosages.

Esmolol decreases the force and rate of heart contractions by blocking beta-adrenergic receptors of the sympathetic nervous system, which are found in the heart and other organs of the body. Esmolol prevents the action of two naturally occurring substances: epinephrine and norepinephrine.","['(±)-esmolol', '(±)-methyl p-(2-hydroxy-3-(isopropylamino)propoxy)hydrocinnamate', '3-[4-(2-Hydroxy-3-isopropylamino-propoxy)-phenyl]-propionic acid methyl ester', 'Esmolol', 'Methyl 4-(2-hydroxy-3-((1-methylethyl)amino)propoxy)benzenepropanoate', 'methyl p-(2-hydroxy-3-(isopropylamino)propoxy)hydrocinnamate', 'Esmolol']",['\n      '],['\n      ']
furosemide,DB00695,Diuretics,A benzoic-sulfonamide-furan. It is a diuretic with fast onset and short duration that is used for edema and chronic renal insufficiency.,"['2-Furfurylamino-4-chloro-5-sulfamoylbenzoic acid', '4-Chloro-5-sulfamoyl-N-furfuryl-anthranilic acid', '4-Chloro-N-(2-furylmethyl)-5-sulfamoylanthranilic acid', '4-Chloro-N-furfuryl-5-sulfamoylanthranilic acid', 'Frusemide', 'Furosemid', 'Furosemida', 'Furosemide', 'Furosemidu', 'Furosemidum', 'Furosemide']",['\n      '],"['\n      ', '\n      ']"
torsemide,DB00214,Diuretics,Torasemide (rINN) or torsemide (USAN) is a pyridine-sulfonylurea type loop diuretic mainly used in the management of edema associated with congestive heart failure. It is also used at low doses for the management of hypertension. It is marketed under the brand name Demadex. [Wikipedia],"['1-Isopropyl-3-((4-m-toluidino-3-pyridyl)sulfonyl)urea', 'Luprac', 'N-(((1-Methylethyl)amino)carbonyl)-4-((3-methylphenyl)amino)-3-pyridinesulfonamide', 'Torasemida', 'Torasemide', 'Torasemidum', 'Torsemide', 'Torasemide']",['\n      '],['\n      ']
bumetanide,DB00887,Diuretics,A sulfamyl diuretic. [PubChem],"['3-(Aminosulfonyl)-5-(butylamino)-4-phenoxybenzoic acid', '3-Butylamino-4-(phenoxy)-5-sulfamoylbenzoic acid', '3-Butylamino-4-phenoxy-5-sulfamoyl-benzoic acid', '3-Butylamino-4-phenoxy-5-sulfamoylbenzoic acid', 'Bumetanida', 'Bumetanide', 'Bumetanidum', 'Bumetanide']",['\n      '],"['\n      ', '\n      ', '\n      ', '\n      ', '\n      ']"
ethacrynic acid,DB00903,Diuretics,"A compound that inhibits symport of sodium, potassium, and chloride primarily in the ascending limb of Henle, but also in the proximal and distal tubules. This pharmacological action results in excretion of these ions, increased urinary output, and reduction in extracellular fluid. This compound has been classified as a loop or high ceiling diuretic.","['(2,3-Dichloro-4-(2-methylene-1-oxobutyl)phenoxy)acetic acid', 'acide étacrynique', 'ácido etacrínico', 'acidum etacrynicum', 'Etacrinic acid', 'Etacrynic acid', 'Etakrinic acid', 'Ethacryinic Acid', 'Ethacrynate', 'Ethacrynic acid', 'Methylenebutyrylphenoxyacetic acid', 'Etacrynic acid']",['\n      '],"['\n      ', '\n      ', '\n      ', '\n      ']"
metolazone,DB00524,Diuretics,A quinazoline-sulfonamide that is considered a thiazide-like diuretic which is long-acting so useful in chronic renal failure. It also tends to lower blood pressure and increase potassium loss. [PubChem],"['2-Methyl-3-O-tolyl-6-sulfamyl-7-chloro-1,2,3,4-tetrahydro-4-quinazolinone', '7-Chloro-1,2,3,4-tetrahydro-2-methyl-3-(2-methylphenyl)-4-oxo-6-quinazolinesulfonamide', '7-Chloro-1,2,3,4-tetrahydro-2-methyl-4-oxo-3-O-tolyl-6-quinazolinesulfonamide', 'Metolazon', 'Metolazona', 'Métolazone', 'Metolazone', 'Metolazonum', 'Metolazone']",['\n      '],['\n      ']
eplerenone,DB00700,Diuretics,"Eplerenone, an aldosterone receptor antagonist similar to spironolactone, has been shown to produce sustained increases in plasma renin and serum aldosterone, consistent with inhibition of the negative regulatory feedback of aldosterone on renin secretion. The resulting increased plasma renin activity and aldosterone circulating levels do not overcome the effects of eplerenone. Eplerenone selectively binds to recombinant human mineralocorticoid receptors relative to its binding to recombinant human glucocorticoid, progesterone and androgen receptors.","['Eplerenona', 'Eplerenone', 'Epoxymexrenone', 'Eplerenone']",['\n      '],['\n      ']
spironolactone,DB00421,Diuretics,"A potassium sparing diuretic that acts by antagonism of aldosterone in the distal renal tubules. It is used mainly in the treatment of refractory edema in patients with congestive heart failure, nephrotic syndrome, or hepatic cirrhosis. Its effects on the endocrine system are utilized in the treatments of hirsutism and acne but they can lead to adverse effects. (From Martindale, The Extra Pharmacopoeia, 30th ed, p827)","['Espironolactona', 'Spironolactone', 'Spironolactonum', 'Spironolattone', 'Spironolactone']",['\n      '],"['\n      ', '\n      ', '\n      ', '\n      ', '\n      ', '\n      ', '\n      ', '\n      ', '\n      ', '\n      ', '\n      ', '\n      ']"
canrenone,DB12221,Diuretics,Canrenone has been used in trials studying the diagnostic of Heart Failure.,['Canrenone'],[],[]
triamterene,DB00384,Diuretics,A pteridine that is used as a mild diuretic.,"['6-phenylpteridine-2,4,7-triamine', 'Teridin', 'Triamteren', 'Triamterena', 'Triamtérène', 'Triamterene', 'Triamtereno', 'Triamterenum', 'Triamterene']",['\n      '],"['\n      ', '\n      ', '\n      ', '\n      ']"
amiloride,DB00594,Diuretics,"A pyrazine compound inhibiting sodium reabsorption through sodium channels in renal epithelial cells. This inhibition creates a negative potential in the luminal membranes of principal cells, located in the distal convoluted tubule and collecting duct. Negative potential reduces secretion of potassium and hydrogen ions. Amiloride is used in conjunction with diuretics to spare potassium loss. (From Gilman et al., Goodman and Gilman's The Pharmacological Basis of Therapeutics, 9th ed, p705)","['3,5-diamino-N-carbamimidoyl-6-chloropyrazine-2-carboxamide', 'Amilorid', 'Amilorida', 'Amiloride', 'Amiloridum', 'Amipramidin', 'Amipramidine', 'Amyloride', 'N-amidino-3,5-diamino-6-chloropyrazinecarboxamide', 'Amiloride']",['\n      '],"['\n      ', '\n      ', '\n      ', '\n      ', '\n      ', '\n      ', '\n      ', '\n      ', '\n      ']"
amlodipine,DB00381,Diuretics,"Amlodipine is a long-acting 1,4-dihydropyridine calcium channel blocker. It acts primarily on vascular smooth muscle cells by stabilizing voltage-gated L-type calcium channels in their inactive conformation. By inhibiting the influx of calcium in smooth muscle cells, amlodipine prevents calcium-dependent myocyte contraction and vasoconstriction. A second proposed mechanism for the drug’s vasodilatory effects involves pH-dependent inhibition of calcium influx via inhibition of smooth muscle carbonic anhydrase. Some studies have shown that amlodipine also exerts inhibitory effects on voltage-gated N-type calcium channels. N-type calcium channels located in the central nervous system may be involved in nociceptive signaling and pain sensation. Amlodipine is used to treat hypertension and chronic stable angina.","['(RS)-3-ethyl 5-methyl 2-[(2-aminoethoxy)methyl]-4-(2-chlorophenyl)-6-methyl-1,4-dihydropyridine-3,5-dicarboxylate', '3-Ethyl 5-methylester, (±)-2-[(2-aminoethoxy)methyl]-4-(o-chlorophenyl)-1,4-dihydro-6-methyl-3,5-pyridinedicarboxylate', 'Amlodipine', 'Amlodipine free base', 'Amlodipino', 'Amlodipinum', 'Amlodipine']",['\n      '],"['\n      ', '\n      ', '\n      ', '\n      ', '\n      ', '\n      ', '\n      ', '\n      ', '\n      ', '\n      ']"
verapamil,DB00661,Calcium Channel Blockers,A calcium channel blocker that is a class IV anti-arrhythmia agent.,"['Iproveratril', 'Vérapamil', 'Verapamil', 'Verapamilo', 'Verapamilum', 'Verapamil']",['\n      '],"['\n      ', '\n      ', '\n      ', '\n      ', '\n      ', '\n      ', '\n      ', '\n      ', '\n      ', '\n      ', '\n      ', '\n      ', '\n      ', '\n      ', '\n      ', '\n      ', '\n      ', '\n      ', '\n      ']"
felodipine,DB01023,Diuretics,"Felodipine is a long-acting 1,4-dihydropyridine calcium channel blocker (CCB)b. It acts primarily on vascular smooth muscle cells by stabilizing voltage-gated L-type calcium channels in their inactive conformation. By inhibiting the influx of calcium in smooth muscle cells, felodipine prevents calcium-dependent myocyte contraction and vasoconstriction. Felodipine is the most potent CCB in use and is unique in that it exhibits fluorescent activity. In addition to binding to L-type calcium channels, felodipine binds to a number of calcium-binding proteins, exhibits competitive antagonism of the mineralcorticoid receptor, inhibits the activity of calmodulin-dependent cyclic nucleotide phosphodiesterase, and blocks calcium influx through voltage-gated T-type calcium channels. Felodipine is used to treat mild to moderate essential hypertension.","['(±)-ethyl methyl 4-(2,3-dichlorophenyl)-1,4-dihydro-2,6-dimethyl-3,5-pyridinedicarboxylate', '3-ethyl 5-methyl 4-(2,3-dichlorophenyl)-2,6-dimethyl-1,4-dihydro-3,5-pyridinedicarboxylate', '4-(2,3-dichlorophenyl)-1,4-dihydro-2,6-dimethyl-3,5-pyridinedicarboxylic acid ethyl methyl ester', 'Felodipina', 'Felodipine', 'Felodipino', 'Felodipinum', 'Felodipine']","['\n      ', '\n      ']","['\n      ', '\n      ', '\n      ', '\n      ', '\n      ', '\n      ', '\n      ', '\n      ', '\n      ', '\n      ', '\n      ', '\n      ', '\n      ']"
isradipine,DB00270,Diuretics,"Isradipine belongs to the dihydropyridine (DHP) class of calcium channel blockers (CCBs), the most widely used class of CCBs. It is structurally related to felodipine, nifedipine, and nimodipine and is the most potent calcium-channel blocking agent of the DHP class. Isradipine binds to calcium channels with high affinity and specificity and inhibits calcium flux into cardiac and arterial smooth muscle cells. It exhibits greater selectivity towards arterial smooth muscle cells owing to alternative splicing of the alpha-1 subunit of the channel and increased prevalence of inactive channels in smooth muscle cells. Isradipine may be used to treat mild to moderate essential hypertension.","['Isradipine', 'Isradipino', 'Isradipinum', 'Isradipine']",['\n      '],"['\n      ', '\n      ', '\n      ', '\n      ', '\n      ', '\n      ', '\n      ']"
nicardipine,DB00622,Diuretics,A potent calcium channel blockader with marked vasodilator action. It has antihypertensive properties and is effective in the treatment of angina and coronary spasms without showing cardiodepressant effects. It has also been used in the treatment of asthma and enhances the action of specific antineoplastic agents. [PubChem],"['Nicardipine', 'Nicardipino', 'Nicardipinum', 'Nicardipine']",[],"['\n      ', '\n      ', '\n      ', '\n      ', '\n      ', '\n      ', '\n      ', '\n      ', '\n      ', '\n      ', '\n      ', '\n      ', '\n      ', '\n      ', '\n      ']"
nifedipine,DB01115,Calcium Antagonist,"Nifedipine has been formulated as both a long- and short-acting 1,4-dihydropyridine calcium channel blocker. It acts primarily on vascular smooth muscle cells by stabilizing voltage-gated L-type calcium channels in their inactive conformation. By inhibiting the influx of calcium in smooth muscle cells, nifedipine prevents calcium-dependent myocyte contraction and vasoconstriction. A second proposed mechanism for the drug’s vasodilatory effects involves pH-dependent inhibition of calcium influx via inhibition of smooth muscle carbonic anhydrase. Nifedipine is used to treat hypertension and chronic stable angina.","[""4-(2'-Nitrophenyl)-2,6-dimethyl-1,4-dihydropyridin-3,5-dicarbonsäuredimethylester"", 'Nifedipine', 'Nifedipino', 'Nifedipinum', 'Nifedipine']",['\n      '],"['\n      ', '\n      ', '\n      ', '\n      ', '\n      ', '\n      ', '\n      ', '\n      ', '\n      ']"
diltiazem,DB00343,Calcium Channel Blockers,A benzothiazepine derivative with vasodilating action due to its antagonism of the actions of the calcium ion in membrane functions. It is also teratogenic.,"['(+)-cis-5-[2-(dimethylamino)ethyl]-2,3-dihydro-3-hydroxy-2-(p-methoxyphenyl)-1,5-benzothiazepin-4(5H)-one acetate ester', '(2S-cis)-3-(acetyloxy)-5-[2-(dimethylamino)ethyl]-2,3-dihydro-2-(4-methoxyphenyl)-1,5-benzothiazepin-4(5H)-one', '(2S,3S)-5-(2-(dimethylamino)ethyl)-2-(4-methoxyphenyl)-4-oxo-2,3,4,5-tetrahydrobenzo[b][1,4]thiazepin-3-yl acetate', 'Acetic acid (2S,3S)-5-(2-dimethylamino-ethyl)-2-(4-methoxy-phenyl)-4-oxo-2,3,4,5-tetrahydro-benzo[b][1,4]thiazepin-3-yl ester', 'd-cis-diltiazem', 'Diltiazem', 'Diltiazemum', 'Diltiazem']",['\n      '],['\n      ']
nisoldipine,DB00401,Calcium Antagonist,"Nisoldipine is a 1,4-dihydropyridine calcium channel blocker. It acts primarily on vascular smooth muscle cells by stabilizing voltage-gated L-type calcium channels in their inactive conformation. By inhibiting the influx of calcium in smooth muscle cells, nisoldipine prevents calcium-dependent smooth muscle contraction and subsequent vasoconstriction. Nisoldipine may be used in alone or in combination with other agents in the management of hypertension.","['isobutyl methyl 2,6-dimethyl-4-(2-nitrophenyl)-1,4-dihydropyridine-3,5-dicarboxylate', 'Nisoldipin', 'Nisoldipina', 'Nisoldipine', 'Nisoldipino', 'Nisoldipinum', 'Nisoldipine']",['\n      '],"['\n      ', '\n      ', '\n      ', '\n      ', '\n      ']"
captopril,DB01197,ACE Inhibitors,"Captopril is a potent, competitive inhibitor of angiotensin-converting enzyme (ACE), the enzyme responsible for the conversion of angiotensin I (ATI) to angiotensin II (ATII). ATII regulates blood pressure and is a key component of the renin-angiotensin-aldosterone system (RAAS). Captopril may be used in the treatment of hypertension.","['(2S)-1-[(2S)-2-methyl-3-sulfanylpropanoyl]pyrrolidine-2-carboxylic acid', 'Captopril', 'Captoprilum', 'Captopryl', 'CP', 'D-2-methyl-3-mercaptopropanoyl-L-proline', 'D-3-mercapto-2-methylpropanoyl-L-proline', 'L-Captopril', 'Captopril']",['\n      '],"['\n      ', '\n      ', '\n      ', '\n      ', '\n      ']"
lisinopril,DB00722,ACE Inhibitors,"Lisinopril is a potent, competitive inhibitor of angiotensin-converting enzyme (ACE), the enzyme responsible for the conversion of angiotensin I (ATI) to angiotensin II (ATII). ATII regulates blood pressure and is a key component of the renin-angiotensin-aldosterone system (RAAS). Lisinopril may be used to treat hypertension and symptomatic congestive heart failure, to improve survival in certain individuals following myocardial infarction, and to prevent progression of renal disease in hypertensive patients with diabetes mellitus and microalbuminuria or overt nephropathy.","['(S)-1-(N(2)-(1-Carboxy-3-phenylpropyl)-L-lysyl)-L-proline', '[N2-[(S)-1-CARBOXY-3-phenylpropyl]-L-lysyl-L-proline', 'Lisinopril', 'Lisinopril anhydrous', 'Lisinoprilum', 'Lisinopril']",['\n      '],['\n      ']
enalapril,DB00584,ACE Inhibitors,"Enalapril is a prodrug that belongs to the angiotensin-converting enzyme (ACE) inhibitor class of medications. It is rapidly metabolized in the liver to enalaprilat following oral administration. Enalaprilat is a potent, competitive inhibitor of ACE, the enzyme responsible for the conversion of angiotensin I (ATI) to angiotensin II (ATII). ATII regulates blood pressure and is a key component of the renin-angiotensin-aldosterone system (RAAS). Enalapril may be used to treat essential or renovascular hypertension and symptomatic congestive heart failure.","['(S)-1-(N-(1-(ethoxycarbonyl)-3-phenylpropyl)-L-alanyl)-L-proline', '(S)-1-{(S)-2-[1-((S)-Ethoxycarbonyl)-3-phenyl-propylamino]-propionyl}-pyrrolidine-2-carboxylic acid', ""1-(N-((S)-1-carboxy-3-phenylpropyl)-L-alanyl)-L-proline 1'-ethyl ester"", 'ánalapril', 'Enalapril', 'Enalaprila', 'Enalaprilum', 'Enalapril']","['\n      ', '\n      ']",['\n      ']
benazepril,DB00542,ACE Inhibitors,"Benazepril, brand name Lotensin, is a medication used to treat high blood pressure (hypertension), congestive heart failure, and chronic renal failure. Upon cleavage of its ester group by the liver, benazepril is converted into its active form benazeprilat, a non-sulfhydryl angiotensin-converting enzyme (ACE) inhibitor.","['Bénazépril', 'Benazepril', 'Benazeprilum', 'Benazepril']","['\n      ', '\n      ']",['\n      ']
fosinopril,DB00492,ACE Inhibitors,"Fosinopril is a phosphinic acid-containing ester prodrug that belongs to the angiotensin-converting enzyme (ACE) inhibitor class of medications. It is rapidly hydrolyzed to fosinoprilat, its principle active metabolite. Fosinoprilat inhibits ACE, the enzyme responsible for the conversion of angiotensin I (ATI) to angiotensin II (ATII). ATII regulates blood pressure and is a key component of the renin-angiotensin-aldosterone system (RAAS). Fosinopril may be used to treat mild to moderate hypertension, as an adjunct in the treatment of congestive heart failure, and to slow the rate of progression of renal disease in hypertensive individuals with diabetes mellitus and microalbuminuria or overt nephropathy.","['Fosenopril', 'Fosinopril', 'Fosinopril']","['\n      ', '\n      ']",['\n      ']
ramipril,DB00178,ACE Inhibitors,"Ramipril is a prodrug belonging to the angiotensin-converting enzyme (ACE) inhibitor class of medications. It is metabolized to ramiprilat in the liver and, to a lesser extent, kidneys. Ramiprilat is a potent, competitive inhibitor of ACE, the enzyme responsible for the conversion of angiotensin I (ATI) to angiotensin II (ATII). ATII regulates blood pressure and is a key component of the renin-angiotensin-aldosterone system (RAAS). Ramipril may be used in the treatment of hypertension, congestive heart failure, nephropathy, and to reduce the rate of death, myocardial infarction and stroke in individuals at high risk of cardiovascular events.","['(2S-(1(R*(r*)),2alpha,3abeta,6abeta))-1-(2-((1-(ethoxycarbonyl)-3-phenylpropyl)amino)-1-oxopropyl)octahydrocyclopenta(b)pyrrole-2-carboxylic acid', 'Altace (tn)', 'Ramipril', 'Ramiprilum', 'Tritace', 'Ramipril']","['\n      ', '\n      ']","['\n      ', '\n      ']"
quinapril,DB00881,ACE Inhibitors,"Quinapril is a prodrug that belongs to the angiotensin-converting enzyme (ACE) inhibitor class of medications. It is metabolized to quinaprilat (quinapril diacid) following oral administration. Quinaprilat is a competitive inhibitor of ACE, the enzyme responsible for the conversion of angiotensin I (ATI) to angiotensin II (ATII). ATII regulates blood pressure and is a key component of the renin-angiotensin-aldosterone system (RAAS). Quinapril may be used to treat essential hypertension and congestive heart failure.","['Quinapril', 'Quinaprilum', 'Quinapril']","['\n      ', '\n      ']",['\n      ']
perindopril,DB00790,ACE Inhibitors,"Perindopril is a nonsulfhydryl prodrug that belongs to the angiotensin-converting enzyme (ACE) inhibitor class of medications. It is rapidly metabolized in the liver to perindoprilat, its active metabolite, following oral administration. Perindoprilat is a potent, competitive inhibitor of ACE, the enzyme responsible for the conversion of angiotensin I (ATI) to angiotensin II (ATII). ATII regulates blood pressure and is a key component of the renin-angiotensin-aldosterone system (RAAS). Perindopril may be used to treat mild to moderate essential hypertension, mild to moderate congestive heart failure, and to reduce the cardiovascular risk of individuals with hypertension or post-myocardial infarction and stable coronary disease.","['(2S,3AS,7as)-1-[(2S)-2-{[(2S)-1-ethoxy-1-oxopentan-2-yl]amino}propanoyl]octahydro-1H-indole-2-carboxylic acid', 'Perindopril', 'Perindoprilum', 'Perindopril']",['\n      '],"['\n      ', '\n      ']"
digoxin,DB00390,Other Anti Arrhythmics,"A cardiotonic glycoside obtained mainly from Digitalis lanata; it consists of three sugars and the aglycone digoxigenin. Digoxin has positive inotropic and negative chronotropic activity. It is used to control ventricular rate in atrial fibrillation and in the management of congestive heart failure with atrial fibrillation. Its use in congestive heart failure and sinus rhythm is less certain. The margin between toxic and therapeutic doses is small. (From Martindale, The Extra Pharmacopoeia, 30th ed, p666)","['12beta-Hydroxydigitoxin', '12β-hydroxydigitoxin', '4-[(3S,5R,8R,9S,10S,12R,13S,14S)-3-[(2S,4S,5R,6R)-5-[(2S,4S,5R,6R)-5-[(2S,4S,5R,6R)-4,5-dihydroxy-6-methyl-oxan-2-yl]oxy-4-hydroxy-6-methyl-oxan-2-yl]oxy-4-hydroxy-6-methyl-oxan-2-yl]oxy-12,14-dihydroxy-10,13-dimethyl-1,2,3,4,5,6,7,8,9,11,12,15,16,17-tetradecahydrocyclopenta[a]phenanthren-17-yl]-5H-furan-2-one', 'Digazolan', 'Digossina', 'Digoxin', 'Digoxina', 'Digoxine', 'Digoxinum', 'Lanadicor', 'Digoxin']",[],['\n      ']
berberine,DB04115,Inotropes,"An alkaloid from Hydrastis canadensis L., Berberidaceae. It is also found in many other plants. It is relatively toxic parenterally, but has been used orally for various parasitic and fungal infections and as antidiarrheal.",['Berberine'],[],"['\n      ', '\n      ']"
dopamine,DB00988,Inotropes,"One of the catecholamine neurotransmitters in the brain.  It is derived from tyrosine and is the precursor to norepinephrine and epinephrine. Dopamine is a major transmitter in the extrapyramidal system of the brain, and important in regulating movement. A family of receptors (receptors, dopamine) mediate its action.","['2-(3,4-dihydroxyphenyl)ethylamine', '3-Hydroxytyramine', '3,4-Dihydroxyphenethylamine', '4-(2-aminoethyl)-1,2-benzenediol', '4-(2-Aminoethyl)benzene-1,2-diol', '4-(2-aminoethyl)catechol', '4-(2-aminoethyl)pyrocatechol', 'Dopamina', 'Dopamine', 'Dopaminum', 'Oxytyramine', 'Dopamine']","['\n      ', '\n      ', '\n      ', '\n      ', '\n      ', '\n      ', '\n      ', '\n      ', '\n      ', '\n      ', '\n      ', '\n      ', '\n      ', '\n      ', '\n      ', '\n      ', '\n      ', '\n      ', '\n      ', '\n      ', '\n      ', '\n      ', '\n      ', '\n      ', '\n      ', '\n      ', '\n      ', '\n      ', '\n      ', '\n      ']","['\n      ', '\n      ', '\n      ', '\n      ', '\n      ', '\n      ', '\n      ', '\n      ', '\n      ', '\n      ', '\n      ', '\n      ', '\n      ', '\n      ', '\n      ', '\n      ']"
dobutamine,DB00841,Inotropes,A beta-1 agonist catecholamine that has cardiac stimulant action without evoking vasoconstriction or tachycardia. It is proposed as a cardiotonic after myocardial infarction or open heart surgery.,"['(+-)-4-(2-((3-(P-Hydroxyphenyl)-1-methylpropyl)amino)ethyl)pyrocatechol', '3,4-Dihydroxy-N-[3-(4-hydroxyphenyl)-1-methylpropyl]-beta-phenylethylamine', '4-{2-[3-(4-hydroxy-phenyl)-1-methyl-propylamino]-ethyl}-benzene-1,2-diol', 'DL-Dobutamine', 'Dobutamin', 'Dobutamina', 'Dobutamine', 'Dobutaminum', 'rac-Dobutamine', 'Racemic-dobutamine', 'Dobutamine']",['\n      '],"['\n      ', '\n      ', '\n      ', '\n      ']"
dopexamine,DB12313,Inotropes,"Dopexamine has been used in trials studying the diagnostic and treatment of Free Flap, Oral Cancer, Hypotension, Septic Shock, and Head and Neck Cancer.",['Dopexamine'],[],[]
epinephrine,DB00668,Inotropes,"Epinephrine, also known as _adrenaline_, is a hormone and neurotransmitter and produced by the adrenal glands that can also be used as a drug due to its various important functions. Though it has long been used in the treatment of hypersensitivity reactions, epinephrine in the auto-injector form (EpiPen) has been available since 1987 in the USA. Many new products/biosimilars and dosage routes have been approved under various names over the last several decades [L4355], [L4356], [L4358].  On August 16, 2018, Teva Pharmaceuticals USA gained approval to market its generic epinephrine auto-injector in 0.3 mg and 0.15 mg strengths [L4353]. Dosage delivery routes for epinephrine include intravenous, inhalation, nebulization, intramuscular injection, and subcutaneous injection.

In general, the most common uses of parenteral epinephrine are to relieve respiratory distress due to bronchospasm, to provide rapid relief of hypersensitivity (anaphylactic or anaphylactoid) reactions to drugs, animal serums and other allergens, and to prolong the action of infiltration anesthetics [F2136]. In addition to the above functions, epinephrine is the primary drug administered during cardiopulmonary resuscitation (CPR) to reverse cardiac arrest [A37697], [A37699].  It can be used in severe cases of croup [L4824].","['(−)-(R)-epinephrine', '(−)-3,4-dihydroxy-α-((methylamino)methyl)benzyl alcohol', '(−)-adrenaline', '(R)-(-)-Adnephrine', '(R)-(-)-Adrenaline', '(R)-(-)-Epinephrine', '(R)-(-)-Epirenamine', '(R)-(−)-adrenaline', '4-[(1R)-1-Hydroxy-2-(methylamino)ethyl]-1,2-benzenediol', 'Adrénaline', 'Adrenaline', 'Epinefrin', 'Epinefrina', 'Epinephrin', 'Epinephrine', 'Epinephrinum', 'L-Adrenaline', 'Levoepinephrine', 'Epinephrine']","['\n      ', '\n      ', '\n      ', '\n      ', '\n      ', '\n      ', '\n      ', '\n      ', '\n      ', '\n      ', '\n      ', '\n      ', '\n      ', '\n      ']","['\n      ', '\n      ', '\n      ', '\n      ', '\n      ', '\n      ', '\n      ', '\n      ']"
isoprenaline,DB01064,Inotropes,"Isopropyl analog of epinephrine; beta-sympathomimetic that acts on the heart, bronchi, skeletal muscle, alimentary tract, etc. It is used mainly as bronchodilator and heart stimulant.","['(±)-isoprenaline', '(±)-isoproterenol', '1-(3,4-dihydroxyphenyl)-2-(isopropylamino)ethanol', '1-(3,4-dihydroxyphenyl)-2-isopropylaminoethanol', '3,4-dihydroxy-α-[(isopropylamino)methyl]benzyl alcohol', 'Isoprenalina', 'Isoprénaline', 'Isoprenaline', 'Isoprenalinum', 'Isopropyl noradrenaline', 'Isoproterenol', 'N-isopropyl-β-dihydroxyphenyl-β-hydroxyethylamine', 'N-Isopropylnoradrenaline', 'N-Isopropylnorepinephrine', 'α-(isopropylaminomethyl)protocatechuyl alcohol', 'Isoprenaline']",['\n      '],"['\n      ', '\n      ', '\n      ', '\n      ', '\n      ', '\n      ', '\n      ', '\n      ', '\n      ']"
norepinephrine,DB00368,Inotropes,Precursor of epinephrine that is secreted by the adrenal medulla and is a widespread central and autonomic neurotransmitter. Norepinephrine is the principal transmitter of most postganglionic sympathetic fibers and of the diffuse projection system in the brain arising from the locus ceruleus. It is also found in plants and is used pharmacologically as a sympathomimetic.,"['(−)-arterenol', '(−)-noradrenaline', '(−)-norepinephrine', '(R)-(−)-norepinephrine', '(R)-4-(2-amino-1-hydroxyethyl)-1,2-benzenediol', '(R)-noradrenaline', '(R)-norepinephrine', '4-[(1R)-2-Amino-1-hydroxyethyl]-1,2-benzenediol', 'Arterenol', 'L-noradrenaline', 'L-Norepinephrine', 'Nor-adrenaline', 'Noradrenaline', 'Norepinefrina', 'Norépinéphrine', 'Norepinephrine', 'Norepinephrinum', 'Norepinephrine']","['\n      ', '\n      ', '\n      ', '\n      ', '\n      ', '\n      ', '\n      ', '\n      ', '\n      ', '\n      ', '\n      ', '\n      ', '\n      ', '\n      ', '\n      ', '\n      ', '\n      ', '\n      ', '\n      ', '\n      ', '\n      ', '\n      ', '\n      ', '\n      ', '\n      ', '\n      ', '\n      ', '\n      ', '\n      ', '\n      ']","['\n      ', '\n      ', '\n      ', '\n      ', '\n      ', '\n      ', '\n      ', '\n      ', '\n      ', '\n      ', '\n      ', '\n      ']"
enoximone,DB04880,Phosphodiesterase Inhbitors,"Enoximone is a selective phosphodiesterase inhibitor with vasodilating and positive inotropic activity that does not cause changes in myocardial oxygen consumption. It is used in patients with congestive heart failure. Trials were halted in the U.S., but the drug is used in various countries.","['Perfan', 'Enoximone']",[],['\n      ']
milrinone,DB00235,Phosphodiesterase Inhbitors,A positive inotropic cardiotonic agent with vasodilator properties. It inhibits cAMP phosphodiesterase activity in myocardium and vascular smooth muscle. Milrinone is a derivative of amrinone and has 20-30 times the ionotropic potency of amrinone.,"[""1,6-Dihydro-2-methyl-6-oxo(3,4'-bipyridine)-5-carbonitrile"", 'Milrinona', 'Milrinone', 'Milrinonum', 'Milrinone']",[],['\n      ']
amrinone,DB01427,Phosphodiesterase Inhbitors,Amrinone (or inamrinone) is a type 3 pyridine phosphodiesterase inhibitor. It is used in the treatment of congestive heart failure.,"['Amrinona', 'Amrinone', 'Amrinonum', 'Inamrinone', 'Amrinone']",[],"['\n      ', '\n      ', '\n      ', '\n      ']"
theophylline,DB00277,Phosphodiesterase Inhbitors,"A methylxanthine derivative from tea with diuretic, smooth muscle relaxant, bronchial dilation, cardiac and central nervous system stimulant activities. Mechanistically, theophylline acts as a phosphodiesterase inhibitor, adenosine receptor blocker, and histone deacetylase activator. Theophylline is marketed under several brand names such as Uniphyl and Theochron, and it is indicated mainly for asthma, bronchospasm, and COPD.","['1,3-dimethyl-7H-purine-2,6-dione', '1,3-dimethylxanthine', 'Teofilina', 'Theophyllin', 'Theophylline anhydrous', 'Theophylline, anhydrous', 'Theophylline']","['\n      ', '\n      ']","['\n      ', '\n      ', '\n      ', '\n      ', '\n      ', '\n      ', '\n      ', '\n      ', '\n      ', '\n      ', '\n      ', '\n      ', '\n      ', '\n      ']"
nitroglycerin,DB00727,Vasodilators,A volatile vasodilator which relieves angina pectoris by stimulating guanylate cyclase and lowering cytosolic calcium.,"['1,2,3-propanetrioltrinitrate', '1,2,3-propanetriyl nitrate', 'Glycerin trinitrate', 'Glycerol trinitrate', 'Glycerol, nitric acid triester', 'Glyceroli trinitratis', 'Glyceroltrinitrat', 'Glyceryl trinitrate', 'NG', 'Nitroglicerina', 'Nitroglycerin', 'Nitroglycerine', 'Nitroglycerol', 'Nitromed', 'Propane-1,2,3-triyl trinitrate', 'Trinitrine', 'Trinitroglycerin', 'Trinitroglycerol', 'Nitroglycerin']",[],['\n      ']
isosorbide dinitrate,DB00883,Vasodilators,A vasodilator used in the treatment of angina pectoris. Its actions are similar to nitroglycerin but with a slower onset of action.,"['1,4:3,6-Dianhydrosorbitol 2,5-dinitrate', 'D-Isosorbide dinitrate', 'Dianhydrosorbitol 2,5-dinitrate', ""Dinitrate d'isosorbide"", 'Dinitrate dʼisosorbide', 'Dinitrato de isosorbida', 'Dinitroisosorbide', 'Dinitrosorbide', 'ISDN', 'Isosorbide 2,5-dinitrate', 'Isosorbide dinitrate', 'Isosorbidi dinitras', 'Sorbide nitrate', 'Sorbidnitrate', 'Isosorbide dinitrate']",[],['\n      ']
hydralazine,DB01275,Vasodilators,A direct-acting vasodilator that is used as an antihypertensive agent.,"['(1Z)-1(2H)-Phthalazinone hydrazone', '(2H)-Phthalazinone hydrazone', '1-Hydrazinophthalazine', '1-Phthalazinylhydrazine', '6-Hydralazine', 'Hidralazina', 'Hydralazin', 'Hydralazine', 'Hydralazinum', 'Hydrallazine', 'Hydrazinophthalazine', 'Hydrazone 1(2H)-phthalazinone', 'Hypophthalin', 'Idralazina', 'Phthalazin-1-ylhydrazine', 'Hydralazine']",[],"['\n      ', '\n      ']"
nitric oxide,DB00435,Vasodilators,"Nitric oxide or Nitrogen monoxide is a chemical compound with chemical formula NO. This gas is an important signaling molecule in the body of mammals including humans and is an extremely important intermediate in the chemical industry. It is also a toxic air pollutant produced by automobile engines and power plants.

Nitric oxide (NO) should not be confused with nitrous oxide (N2O), a general anaesthetic, or with nitrogen dioxide (NO2) which is another poisonous air pollutant.

The nitric oxide molecule is a free radical, which is relevant to understanding its high reactivity. It reacts with the ozone in air to form nitrogen dioxide, signalled by the appearance of the reddish-brown color.","['EDRF', 'endothelium-derived relaxing factor', 'Mononitrogen monoxide', 'Monóxido de nitrógeno', ""Monoxyde d'azote"", 'Nitric oxide', 'Nitrogen monooxide', 'Nitrogen monoxide', 'Nitrosyl', 'óxido de nitrógeno(II)', 'óxido nítrico', 'Oxyde azotique', 'Oxyde nitrique', 'Stickstoff(II)-oxid', 'Stickstoffmonoxid', 'Nitric Oxide']","['\n      ', '\n      ', '\n      ', '\n      ', '\n      ', '\n      ', '\n      ', '\n      ', '\n      ', '\n      ', '\n      ', '\n      ', '\n      ', '\n      ', '\n      ']","['\n      ', '\n      ', '\n      ']"
sildenafil,DB00203,Vasodilators,"Sildenafil is a vasoactive agent used to treat erectile dysfunction and reduce symptoms in patients with pulmonary arterial hypertension (PAH). Sildenafil elevates levels of the second messenger, cGMP, by inhibiting its breakdown via phosphodiesterase type 5 (PDE5). PDE5 is found in particularly high concentrations in the corpus cavernosum, erectile tissue of the penis. It is also found in the retina and vascular endothelium. Increased cGMP results in vasodilation which facilitates generation and maintenance of an erection. The vasodilatory effects of sildenafil also help reduce symptoms of PAH.","['1-((3-(4,7-Dihydro-1-methyl-7-oxo-3-propyl-1H-pyrazolo(4,3-d)pyrimidin-5-yl)-4-ethoxyphenyl)sulfonyl)-4-methylpiperazine', 'Sildenafil', 'Sildenafilo', 'Sildenafil']",[],"['\n      ', '\n      ', '\n      ']"
tadalafil,DB00820,Vasodilators,"Tadalafil is an orally administered drug used to treat male erectile dysfunction (impotence). It is marketed worldwide under the brand name Cialis. It is a phosphodiesterase 5 (PDE5) inhibitor. Tadalafil's distinguishing pharmacologic feature is its longer half-life (17.5 hours) compared with Viagra and Levitra (4-5 hours). This longer half-life results in a longer duration of action and is, in part, responsible for the Cialis nickname of the ""weekend pill."" This longer half-life also is the basis of current investigation for tadalafil's use in pulmonary arterial hypertension as a once-daily therapy.","[""(6R-trans)-6-(1,3-Benzodioxol-5-yl)-2,3,6,7,12,12a-hexahydro-2-methyl-pyrazino(1',2':1,6)pyrido(3,4-b)indole-1,4-dione"", ""(6R,12aR)-2,3,6,7,12,12a-Hexahydro-2-methyl-6-(3,4-(methylenedioxy)phenyl) pyrazino(1',2':1,6)pyrido(3,4-b)indole-1,4-dione"", 'Tadalafil', 'Tadalafilo', 'Tadalafil']",[],"['\n      ', '\n      ']"
bosentan,DB00559,Vasodilators,"Bosentan is a dual endothelin receptor antagonist important in the treatment of pulmonary artery hypertension (PAH). It is licensed in the United States, the European Union and other countries by Actelion Pharmaceuticals for the management of PAH under the trade name Tracleer&reg;. Bosentan is used to treat pulmonary hypertension by blocking the action of endothelin molecules that would otherwise promote narrowing of the blood vessels and lead to high blood pressure.","[""4-(1,1-Dimethylethyl)-N-(6-(2-hydroxyethoxy)-5-(2-methoxyphenoxy)-(2,2'-bipyrimidin)-4-yl) benzenesulfornamide"", 'bosentán', 'Bosentan', 'bosentan anhydrous', 'bosentanum', 'p-tert-Butyl-N-(6-(2-hydroxyethoxy)-5-(o-methoxyphenoxy)-2-(2-pyrimidinyl)-4-pyrimidinyl)benzenesulfonamide', 'Bosentan']",[],"['\n      ', '\n      ']"
minoxidil,DB00350,Vasodilators,"A potent direct-acting peripheral vasodilator (vasodilator agents) that reduces peripheral resistance and produces a fall in blood pressure. (From Martindale, The Extra Pharmacopoeia, 30th ed, p371)","['2,4-Diamino-6-piperidinopyrimidine 3-oxide', '6-Piperidin-1-ylpyrimidine-2,4-diamine 3-oxide', 'Minossidile', 'Minoxidil', 'Minoxidilum', 'Minoxidil']",[],"['\n      ', '\n      ', '\n      ']"
nitroprusside,DB00325,Vasodilators,"Nitroprusside serves as a source of nitric oxide, a potent peripheral vasodilator that affects both arterioles and venules (venules more than arterioles). Nitroprusside is often administered intravenously to patients who are experiencing a hypertensive emergency.","['Nitroferricyanide', 'Nitroprusside']",[],['\n      ']
losartan,DB00678,Angiotensin II Antagonists,"Losartan is an angiotensin-receptor blocker (ARB) that may be used alone or with other agents to treat hypertension. Losartan and its longer acting metabolite, E-3174, lower blood pressure by antagonizing the renin-angiotensin-aldosterone system (RAAS); they compete with angiotensin II for binding to the type-1 angiotensin II receptor (AT1) subtype and prevents the blood pressure increasing effects of angiotensin II. Unlike angiotensin-converting enzyme (ACE) inhibitors, ARBs do not have the adverse effect of dry cough. Losartan may be used to treat hypertension, isolated systolic hypertension, left ventricular hypertrophy and diabetic nephropathy. It may also be used as an alternative agent for the treatment of systolic dysfunction, myocardial infarction, coronary artery disease, and heart failure.","[""(2-Butyl-4-chloro-1-{[2'-(1H-tetrazol-5-yl)biphenyl-4-yl]methyl}-1H-imidazol-5-yl)methanol"", ""2-N-Butyl-4-chloro-5-hydroxymethyl-1-[(2'-(1H-tetrazol-5-yl)biphenyl-4-yl)methyl]imidazole"", 'DuP 89', 'Losartan', 'Losartan']",['\n      '],['\n      ']
valsartan,DB00177,Angiotensin II Antagonists,"Valsartan is an angiotensin-receptor blocker (ARB) that may be used to treat a variety of cardiac conditions including hypertension, diabetic nephropathy and heart failure. Valsartan lowers blood pressure by antagonizing the renin-angiotensin-aldosterone system (RAAS); it competes with angiotensin II for binding to the type-1 angiotensin II receptor (AT1) subtype and prevents the blood pressure increasing effects of angiotensin II. Unlike angiotensin-converting enzyme (ACE) inhibitors, ARBs do not have the adverse effect of dry cough. Valsartan may be used to treat hypertension, isolated systolic hypertension, left ventricular hypertrophy and diabetic nephropathy. It may also be used as an alternative agent for the treatment of heart failure, systolic dysfunction, myocardial infarction and coronary artery disease.","[""(S)-N-Valeryl-N-{[2'-(1H-tetrazol-5-yl)biphenyl-4-yl]-methyl}-valine"", 'N-(P-(O-1H-Tetrazol-5-ylphenyl)benzyl)-N-valeryl-L-valine', ""N-pentanoyl-N-{[2'-(1H-tetrazol-5-yl)biphenyl-4-yl]methyl}-L-valine"", 'Valsartan', 'Valsartan']",['\n      '],['\n      ']
candesartan,DB13919,Angiotensin II Antagonists,Candesartan is an angiotensin-receptor blocker (ARB) that may be used alone or with other agents to treat hypertension. It is available as a prodrug in the form of [Candesartan cilexetil](https://www.drugbank.ca/drugs/DB00796).,"['2-ethoxy-1-(p-(o-1H-tetrazol-5-ylphenyl)benzyl)-7-benzimidazolecarboxylic acid', 'Candesartan']",[],['\n      ']
telmisartan,DB00966,Angiotensin II Antagonists,"Telmisartan is an angiotensin II receptor antagonist (ARB) used in the management of hypertension. Generally, angiotensin II receptor blockers (ARBs) such as telmisartan bind to the angiotensin II type 1 (AT1) receptors with high affinity, causing inhibition of the action of angiotensin II on vascular smooth muscle, ultimately leading to a reduction in arterial blood pressure. Recent studies suggest that telmisartan may also have PPAR-gamma agonistic properties that could potentially confer beneficial metabolic effects.","[""4'-((1,4'-Dimethyl-2'-propyl(2,6'-bi-1H-benzimidazol)-1'-yl)methyl)-(1,1'-biphenyl)-2-carboxylic acid"", ""4'-((4-Methyl-6-(1-methyl-2-benzimidazolyl)-2-propyl-1-benzimidazolyl)methyl)-2-biphenylcarboxylic acid"", ""4'-[(1,4'-Dimethyl-2'propyl[2,6'-bi-1H-benzimidazol]-1'-yl)methyl]-[1,1'-biphenyl]-2-carboxylic acid"", ""4'-[(1,7'-Dimethyl-2'-propyl-1H,3'h-2,5'-bibenzimidazol-3'-yl)methyl]biphenyl-2-carboxylic acid"", 'BIBR 277', 'Telmisartan', 'Telmisartan']",['\n      '],"['\n      ', '\n      ']"
fimasartan,DB09279,Angiotensin II Antagonists,"Fimasartan is a non-peptide angiotensin II receptor antagonist (ARB) used for the treatment of hypertension and heart failure. Concurrent administration of fimasartan with diuretic hydrochlorothiazide has shown to be safe in clinical trials. Fimasartan was approved for use in South Korea in September 9th, 2010 and is available under the brand name Kanarb through Boryung Pharmaceuticals, who are presently seeking worldwide partnership.",['Fimasartan'],[],['\n      ']
olmesartan,DB00275,Angiotensin II Antagonists,"Olmesartan is an antihypertensive agent, which belongs to the class of medications called angiotensin II receptor blockers. It is indicated for the treatment of high blood pressure and is marketed under the name Olmetec®. The FDA label includes a black-box warning of injury and death to the fetus, so women of child-bearing age need to be warned and take the necessary precautions. Olmesartan is also contraindicated in diabetes mellitus patients taking aliskiren.","[""4-(1-hydroxy-1-methylethyl)-2-propyl-1-{[2'-(1H-tetrazol-5-yl)biphenyl-4-yl]methyl}-1H-imidazole-5-carboxylic acid"", ""4-(hydroxy-1-methylethyl)-2-propyl-1-{[2'-(1H-tetrazol-5-yl)-1,1'-biphenyl-4-yl]methyl}-1H-imidazole-5-carboxylic acid"", 'Olmesartan', 'Olmesartan']",['\n      '],['\n      ']
irbesartan,DB01029,Angiotensin II Antagonists,"Irbesartan is an angiotensin receptor blocker (ARB) used mainly for the treatment of hypertension. It competes with angiotensin II for binding at the AT1 receptor subtype. Unlike ACE inhibitors, ARBs do not have the adverse effect of dry cough. The use of ARBs is pending revision due to findings from several clinical trials suggesting that this class of drugs may be associated with a small increased risk of cancer.","[""2-butyl-3-{[2'-(1H-tetrazol-5-yl)biphenyl-4-yl]methyl}-1,3-diazaspiro[4.4]non-1-en-4-one"", 'Irbesartan', 'Irbesartan']",['\n      '],"['\n      ', '\n      ']"
conivaptan,DB00872,Vasopressin Antagonists,Conivaptan is a non-peptide inhibitor of antidiuretic hormone (vasopressin). It was approved in 2004 for hyponatremia (low blood sodium levels) caused by syndrome of inappropriate antidiuretic hormone (SIADH). Conivaptan inhibits both isotypes of the vasopressin receptor (V1a and V2).,"[""4'-((4,5-dihydro-2-Methylimidazo(4,5-D)(1)benzazepin-6(1H)-yl)carbonyl)-2-biphenylcarboxanilide"", 'Conivaptan', 'Conivaptan']",[],"['\n      ', '\n      ']"
relcovaptan,DB13929,Vasopressin Antagonists,,['Relcovaptan'],[],"['\n      ', '\n      ']"
nelivaptan,DB12643,Vasopressin Antagonists,"Nelivaptan has been used in trials studying the treatment of Anxiety Disorders, Depressive Disorder, and Major Depressive Disorder.",['Nelivaptan'],[],[]
lixivaptan,DB06666,Vasopressin Antagonists,,['Lixivaptan'],[],[]
tolvaptan,DB06212,Vasopressin Antagonists,"Tolvaptan is used to treat low blood sodium levels (hyponatremia) associated with various conditions like congestive heart failure, cirrhosis, and syndrome of inappropriate antidiuretic hormones (SIADH). FDA approved on May 19, 2009. ",['Tolvaptan'],[],"['\n      ', '\n      ']"
quinidine,DB00908,Na Channel Blockers,"An optical isomer of quinine, extracted from the bark of the Cinchona tree and similar plant species. This alkaloid dampens the excitability of cardiac and skeletal muscles by blocking sodium and potassium currents across cellular membranes. It prolongs cellular action potential, and decreases automaticity. Quinidine also blocks muscarinic and alpha-adrenergic neurotransmission.","['(+)-quinidine', '(8R,9S)-Quinidine', '(R)-(6-Methoxyquinolin-4-yl)((3S,4R,7S)-3-vinylquinuclidin-7-yl)methanol', '(S)-(6-Methoxy-quinolin-4-yl)-((2R,5R)-5-vinyl-1-aza-bicyclo[2.2.2]oct-2-yl)-methanol', '(S)-(6-Methoxyquinolin-4-yl)((2R,5R)-5-vinylquinuclidin-2-yl)methanol', '6-methoxy-α-(5-vinyl-2-quinuclidinyl)-4-quinolinemethanol', 'beta-Quinine', 'Chinidin', 'Chinidinum', 'CIN-QUIN', 'Conchinin', 'Conquinine', 'Pitayine', 'Quinidina', 'α-(6-methoxy-4-quinolyl)-5-vinyl-2-quinuclidinemethanol', 'β-quinine', 'Quinidine']",['\n      '],"['\n      ', '\n      ', '\n      ', '\n      ', '\n      ', '\n      ', '\n      ']"
ajmaline,DB01426,Na Channel Blockers,"An alkaloid found in the root of Rauwolfia serpentina, among other plant sources. It is a class Ia antiarrhythmic agent that apparently acts by changing the shape and threshold of cardiac action potentials. Ajmaline produces potent sodium channel blocking effects and a very short half-life which makes it a very useful drug for acute intravenous treatments. The drug has been very popular in some countries for the treatment of atrial fibrillation in patients with the Wolff–Parkinson–White syndrome and in well tolerated monomorphic ventricular tachycardias. It has also been used for many years as a drug to challenge the conduction system of the heart in cases of bundle branch block and syncope. In these cases, abnormal prolongation of the HV interval has been taken as a proof for infrahisian conduction defects tributary for permanent pacemaker implantation.","['(+)-Ajmaline', '(5AR,6S,8S,10S,11S,11as,12ar,13R)-5-methyl-5a,6,8,9,10,11,11a,12-octahydro-5H-6,10:11,12a-dimethanoindolo[3,2-b]quinolizine-8,13-diol', 'Ajmalin', 'Ajmaline']",[],['\n      ']
procainamide,DB01035,Na Channel Blockers,A derivative of procaine with less CNS action.,"['p-Amino-N-(2-diethylaminoethyl)benzamide', 'p-Aminobenzoic diethylaminoethylamide', 'Procainamida', 'Procainamide', 'Procaïnamide', 'Procainamidum', 'Procainamide']",['\n      '],"['\n      ', '\n      ', '\n      ']"
disopyramide,DB00280,Na Channel Blockers,A class I anti-arrhythmic agent (one that interferes directly with the depolarization of the cardiac membrane and thus serves as a membrane-stabilizing agent) with a depressant action on the heart similar to that of guanidine. It also possesses some anticholinergic and local anesthetic properties.,"['Disopiramida', 'Disopyramide', 'Disopyramidum', 'Disopyramide']",['\n      '],"['\n      ', '\n      ', '\n      ', '\n      ', '\n      ', '\n      ', '\n      ', '\n      ']"
lidocaine,DB00281,Na Channel Blockers,A local anesthetic and cardiac depressant used as an antiarrhythmia agent. Its actions are more intense and its effects more prolonged than those of procaine but its duration of action is shorter than that of bupivacaine or prilocaine.,"[""2-(Diethylamino)-2',6'-acetoxylidide"", '2-(Diethylamino)-N-(2,6-dimethylphenyl)acetamide', 'alpha-diethylamino-2,6-dimethylacetanilide', 'Lidocaína', 'Lidocaina', 'Lidocaine', 'Lignocaine', 'α-diethylamino-2,6-dimethylacetanilide', 'Lidocaine']","['\n      ', '\n      ', '\n      ']","['\n      ', '\n      ', '\n      ', '\n      ', '\n      ', '\n      ', '\n      ']"
phenytoin,DB00252,Na Channel Blockers,"An anticonvulsant that is used in a wide variety of seizures. It is also an anti-arrhythmic and a muscle relaxant. The mechanism of therapeutic action is not clear, although several cellular actions have been described including effects on ion channels, active transport, and general membrane stabilization. The mechanism of its muscle relaxant effect appears to involve a reduction in the sensitivity of muscle spindles to stretch. Phenytoin has been proposed for several other therapeutic uses, but its use has been limited by its many adverse effects and interactions with other drugs. [PubChem]","['5,5-Diphenyl-imidazolidine-2,4-dione', '5,5-diphenylimidazolidine-2,4-dione', '5,5-diphenyltetrahydro-1H-2,4-imidazoledione\t', '5,5-Diphenyltetrahydro-1H-2,4-imidazoledione', 'Diphenylhydantoin', 'Fenitoina', 'Phentytoin', 'Phenytoin', 'Phenytoine', 'Phenytoinum', 'Phenytoin']","['\n      ', '\n      ', '\n      ']","['\n      ', '\n      ', '\n      ', '\n      ', '\n      ']"
mexiletine,DB00379,Na Channel Blockers,Antiarrhythmic agent pharmacologically similar to lidocaine. It may have some anticonvulsant properties.,"['(±)-1-(2,6-dimethylphenoxy)propan-2-amine', '(2RS)-1-(2,6-dimethylphenoxy)-2-aminopropane', '1-(2,6-dimethylphenoxy)-2-propanamine', ""1-(2',6'-dimethylphenoxy)-2-aminopropane"", '1-methyl-2-(2,6-xylyloxy)ethanamine', 'Mexiletina', 'Mexiletine', 'Mexilétine', 'Mexiletinum', 'Mexiletine']",['\n      '],"['\n      ', '\n      ']"
tocainide,DB01056,Na Channel Blockers,An antiarrhythmic agent which exerts a potential- and frequency-dependent block of sodium channels. [PubChem],"[""2-Amino-2',6'-propionoxylidide"", '2-amino-N-(2,6-Dimethylphenyl)propanamide', '2-Amino-N-(2,6-dimethylphenyl)propionamid', 'Alanyl-2,6-xylidide', 'Tocainida', 'Tocainide', 'Tocainidum', 'Tocainide']",['\n      '],['\n      ']
encainide,DB01228,Na Channel Blockers,"All drug products containing encainide hydrochloride. Encainide hydrochloride, formerly marketed as Enkaid capsules, was associated with increased death rates in patients who had asymptomatic heart rhythm abnormalities after a recent heart attack. The manufacturer of Enkaid capsules voluntarily withdrew the product from the US market on December 16, 1991.","[""(±)-2'-[2-(1-methyl-2-piperidyl)ethyl]-p-anisanilide"", '(±)-4-methoxy-N-(2-(2-(1-methyl-2-piperidinyl)ethyl)phenyl)benzamide', ""4-methoxy-2'-[2-(1-methyl-2-piperidyl)ethyl]benzanilide"", '4-Methoxy-N-{2-[2-(1-methyl-piperidin-2-yl)-ethyl]-phenyl}-benzamide', 'Encainida', 'Encainide', 'Encainidum', 'Encainide']",[],['\n      ']
flecainide,DB01195,Na Channel Blockers,"A potent anti-arrhythmia agent, effective in a wide range of ventricular and atrial arrhythmias and tachycardias. Paradoxically, however, in myocardial infarct patients with either symptomatic or asymptomatic arrhythmia, flecainide exacerbates the arrhythmia and is not recommended for use in these patients.","['(±)-flecainide', 'Flecaine', 'Flecainida', 'Flecainide', 'Flécaïnide', 'Flecainidum', 'N-(2-Piperidinylmethyl)-2,5-bis(2,2,2-trifluoroethoxy)benzamide', 'Flecainide']",['\n      '],"['\n      ', '\n      ', '\n      ']"
propafenone,DB01182,Na Channel Blockers,An antiarrhythmia agent that is particularly effective in ventricular arrhythmias. It also has weak beta-blocking activity. The drug is generally well tolerated.,"['1-(2-(2-hydroxy-3-(propylamino)propoxy)phenyl)-3-phenyl-1-propanone', ""2-(2'-hydroxy-3'-propylaminopropoxy)-ω-phenylpropiophenone"", 'Propafenona', 'Propafenone', 'Propafenonum', 'Propafenone']",[],"['\n      ', '\n      ', '\n      ', '\n      ']"
moricizine,DB00680,Na Channel Blockers,An antiarrhythmia agent used primarily for ventricular rhythm disturbances.,"['[10-(3-Morpholin-4-yl-propionyl)-10H-phenothiazin-2-yl]-carbamic acid ethyl ester', 'Ethmozin', 'ethyl 10-(3-morpholinopropionyl)phenothiazine-2-carbamate', 'ethyl 10-(β-N-morpholinylpropionyl)phenothiazine-2-carbamate', 'Etmozin', 'Moracizin', 'Moracizina', 'Moracizine', 'Moracizinum', 'Moricizine', 'Moricizine']",[],['\n      ']
amiodarone,DB01118,Potassium Channel Blockers,"An antianginal and antiarrhythmic drug. It increases the duration of ventricular and atrial muscle action by inhibiting Na,K-activated myocardial adenosine triphosphatase. There is a resulting decrease in heart rate and in vascular resistance.","['2-Butyl-3-(3,5-diiodo-4-(2-diethylaminoethoxy)benzoyl)benzofuran', '2-Butyl-3-benzofuranyl 4-(2-(diethylamino)ethoxy)-3,5-diiodophenyl ketone', ""2-n-Butyl-3',5'-diiodo-4'-N-diethylaminoethoxy-3-benzoylbenzofuran"", 'Amiodarona', 'Amiodarone', 'Amiodaronum', 'Amiodarone']",['\n      '],"['\n      ', '\n      ', '\n      ', '\n      ', '\n      ', '\n      ', '\n      ']"
ibutilide,DB00308,Potassium Channel Blockers,Ibutilide is a Class III antiarrhythmic agent that is indicated for acute cardioconversion of atrial fibrillation and atrial flutter of a recent onset to sinus rhythm.,"['Ibutilid', 'Ibutilida', 'Ibutilide', 'Ibutilidum', 'N-(4-{4-[ethyl(heptyl)amino]-1-hydroxybutyl}phenyl)methanesulfonamide', 'Ibutilide']",['\n      '],"['\n      ', '\n      ', '\n      ', '\n      ', '\n      ', '\n      ', '\n      ', '\n      ', '\n      ', '\n      ']"
dofetilide,DB00204,Potassium Channel Blockers,"Dofetilide is a class III antiarrhythmic agent that is approved by the Food and Drug Administration (FDA) for the maintenance of sinus rhythm in individuals prone to the formation of atrial fibrillation and flutter, and for the chemical cardioversion to sinus rhythm from atrial fibrillation and flutter.","['beta-((p-Methanesulfonamidophenethyl)methylamino)methanesulfono-p-phenetidide', 'Dofetilida', 'Dofetilide', 'Dofetilidum', 'Dofetilide']",[],"['\n      ', '\n      ', '\n      ']"
dronedarone,DB04855,Potassium Channel Blockers,"Dronedarone is a sinus rhythm controller for management of paroxysmal or persistent atrial fibrillation. Classified as a Class III antiarrhythmic but displays properties of all four Vaughan-Williams classes, dronedarone blocks a multitude of channels (sodium, potassium, calcium), and demonstrates antiadrenergic properties. Chemically, it is a benzofuran derivative. FDA approved on July 1, 2009.","['Dronedarona', 'Dronedarone', 'N-(2-Butyl-3-(4-(3-(dibutylamino)propoxy)benzoyl)-5-benzofuranyl)-methanesulfonamide', 'N-(2-Butyl-3-(P-(3-(dibutylamino)propoxy)benzoyl)-5-benzofuranyl)methanesulfonamide', 'SR 33589', 'SR 33589b', 'Dronedarone']",[],"['\n      ', '\n      ', '\n      ', '\n      ', '\n      ', '\n      ', '\n      ', '\n      ', '\n      ', '\n      ', '\n      ', '\n      ', '\n      ', '\n      ', '\n      ', '\n      ', '\n      ', '\n      ']"
vernakalant,DB06217,Potassium Channel Blockers,Vernakalant was developed by Cardiome Pharma as as an antiarrhythmic drug intended for rapid conversion of atrial fibrillation to sinus rhythm. It acts as an atypical class III antiarrhythmic drug that potentiates its effect in higher heart rates. Intravenous formulation was approved in Europe in September 2010 as Brinavess and in Canada in April 2017. It is an investigational drug under regulatory review by FDA.,"['(3R)-1-((1R,2R)-2-(2-(3,4-dimethoxyphenyl)ethoxy)cyclohexyl)pyrrolidin-3-ol', 'Vernakalant', 'Vernakalant']",[],"['\n      ', '\n      ', '\n      ', '\n      ']"
adenosine,DB00640,Other Anti Arrhythmics,A nucleoside that is composed of adenine and d-ribose. Adenosine or adenosine derivatives play many important biological roles in addition to being components of DNA and RNA. Adenosine itself is a neurotransmitter.,"['(2R,3R,4S,5R)-2-(6-aminopurin-9-yl)-5-(hydroxymethyl)oxolane-3,4-diol', '6-Amino-9-beta-D-ribofuranosyl-9H-purine', '9-beta-D-Ribofuranosidoadenine', '9-beta-D-Ribofuranosyl-9H-purin-6-amine', '9-β-D-ribofuranosyl-9H-purin-6-amine', 'Ade-Rib', 'Adenin riboside', 'Adenine Deoxyribonucleoside', 'Adenogesic', 'Adenosin', 'Adenosina', 'Adénosine', 'Adenosine', 'Adenosinum', 'Ado', 'beta-D-Adenosine', 'Adenosine']","['\n      ', '\n      ', '\n      ', '\n      ', '\n      ', '\n      ', '\n      ', '\n      ', '\n      ', '\n      ', '\n      ', '\n      ', '\n      ', '\n      ', '\n      ', '\n      ', '\n      ', '\n      ', '\n      ', '\n      ', '\n      ', '\n      ', '\n      ', '\n      ', '\n      ', '\n      ', '\n      ', '\n      ', '\n      ', '\n      ']","['\n      ', '\n      ', '\n      ', '\n      ']"
magnesium sulfate,DB00653,Other Anti Arrhythmics,"A small colorless crystal used as an anticonvulsant, a cathartic, and an electrolyte replenisher in the treatment of pre-eclampsia and eclampsia. It causes direct inhibition of action potentials in myometrial muscle cells. Excitation and contraction are uncoupled, which decreases the frequency and force of contractions. (From AMA Drug Evaluations Annual, 1992, p1083)","['Magnesium sulfate (1:1)', 'Magnesium sulfate anhydrous', 'Magnesium sulphate', 'magnesium(II) sulfate', 'Magnesiumsulfat', 'MgSO4', 'Magnesium sulfate']",[],"['\n      ', '\n      ', '\n      ', '\n      ', '\n      ', '\n      ']"
atropine,DB00572,Other Anti Arrhythmics,"An alkaloid, originally from Atropa belladonna, but found in other plants, mainly solanaceae.","['(±)-atropine', '(±)-hyoscyamine', 'Atropin', 'Atropina', 'Atropine', 'Atropinum', 'dl-Hyoscyamine', 'dl-tropyltropate', 'Tropine tropate', 'Atropine']",[],"['\n      ', '\n      ', '\n      ', '\n      ', '\n      ', '\n      ', '\n      ', '\n      ']"
