,name,cat,protein
0,heparin,Anticoagulants,P01008
1,heparin,Anticoagulants,P00742
2,heparin,Anticoagulants,P16109
3,heparin,Anticoagulants,P22455
4,heparin,Anticoagulants,P08620
5,heparin,Anticoagulants,O95750
6,heparin,Anticoagulants,P11362
7,heparin,Anticoagulants,P05230
8,heparin,Anticoagulants,P21802
9,heparin,Anticoagulants,P09038
10,heparin,Anticoagulants,P02776
11,heparin,Anticoagulants,P14210
12,warfarin,Anticoagulants,Q9BQB6
13,warfarin,Anticoagulants,O75469
14,streptokinase,Thrombolytics,P00747
15,streptokinase,Thrombolytics,P25116
16,urokinase,Thrombolytics,P00747
17,urokinase,Thrombolytics,Q03405
18,urokinase,Thrombolytics,P05121
19,urokinase,Thrombolytics,P05120
20,urokinase,Thrombolytics,P05154
21,urokinase,Thrombolytics,P98164
22,urokinase,Thrombolytics,Q9Y5Y6
23,urokinase,Thrombolytics,P14543
24,tpa,Thrombolytics,P00747
25,tpa,Thrombolytics,P02671
26,tpa,Thrombolytics,Q03405
27,tpa,Thrombolytics,P05121
28,apsac,Thrombolytics,P00747
29,apsac,Thrombolytics,P02671
30,apsac,Thrombolytics,P05121
31,rivaroxaban,Thrombolytics,P00742
32,apixaban,Thrombolytics,P00742
33,edoxaban,Thrombolytics,P00742
34,clopidogrel,Antiplatelets,Q9H244
35,ticlopidine,Antiplatelets,Q9H244
36,abciximab,Antiplatelets,P05106
37,abciximab,Antiplatelets,P08514
38,abciximab,Antiplatelets,P12318
39,abciximab,Antiplatelets,P31994
40,abciximab,Antiplatelets,P04004
41,cangrelor,Antiplatelets,Q9H244
42,prasugrel,Antiplatelets,Q9H244
43,ticagrelor,Antiplatelets,Q9H244
44,aspirin,Antiplatelets,P23219
45,aspirin,Antiplatelets,P35354
46,aspirin,Antiplatelets,Q04828
47,aspirin,Antiplatelets,Q13131
48,aspirin,Antiplatelets,P54646
49,aspirin,Antiplatelets,Q9Y478
50,aspirin,Antiplatelets,O43741
51,aspirin,Antiplatelets,P54619
52,aspirin,Antiplatelets,Q9UGJ0
53,aspirin,Antiplatelets,Q9UGI9
54,aspirin,Antiplatelets,P25101
55,aspirin,Antiplatelets,P04637
56,aspirin,Antiplatelets,P11021
57,aspirin,Antiplatelets,P51812
58,aspirin,Antiplatelets,P25963
59,aspirin,Antiplatelets,P98066
60,aspirin,Antiplatelets,P29466
61,aspirin,Antiplatelets,P42574
62,aspirin,Antiplatelets,O14920
63,aspirin,Antiplatelets,P28482
64,aspirin,Antiplatelets,Q8TD08
65,aspirin,Antiplatelets,P27361
66,aspirin,Antiplatelets,P31152
67,aspirin,Antiplatelets,Q16659
68,aspirin,Antiplatelets,Q13164
69,aspirin,Antiplatelets,P24385
70,aspirin,Antiplatelets,P01106
71,aspirin,Antiplatelets,P12004
72,aspirin,Antiplatelets,N/A
73,triflusal,Antiplatelets,P23219
74,triflusal,Antiplatelets,P19838
75,triflusal,Antiplatelets,P35228
76,triflusal,Antiplatelets,Q9Y233
77,cilostazol,Antiplatelets,Q14432
78,vorapaxar,Antiplatelets,P25116
79,eptifibatide,Antiplatelets,P05106
80,tirofiban,Antiplatelets,P08514
81,tirofiban,Antiplatelets,P05106
82,dipyridamole,Antiplatelets,Q9Y233
83,dipyridamole,Antiplatelets,P00813
84,dipyridamole,Antiplatelets,O76074
85,dipyridamole,Antiplatelets,P27815
86,dipyridamole,Antiplatelets,P53805
87,dipyridamole,Antiplatelets,P02763
88,simvastatin,HMG-CoA Reductase inhibitors (Statins),P04035
89,simvastatin,HMG-CoA Reductase inhibitors (Statins),P20701
90,simvastatin,HMG-CoA Reductase inhibitors (Statins),Q92769
91,lovastatin,HMG-CoA Reductase inhibitors (Statins),P04035
92,lovastatin,HMG-CoA Reductase inhibitors (Statins),P20701
93,lovastatin,HMG-CoA Reductase inhibitors (Statins),Q92769
94,pravastatin,HMG-CoA Reductase inhibitors (Statins),P04035
95,pravastatin,HMG-CoA Reductase inhibitors (Statins),Q92769
96,atorvastatin,HMG-CoA Reductase inhibitors (Statins),P04035
97,atorvastatin,HMG-CoA Reductase inhibitors (Statins),P27487
98,atorvastatin,HMG-CoA Reductase inhibitors (Statins),P35869
99,atorvastatin,HMG-CoA Reductase inhibitors (Statins),Q92769
100,atorvastatin,HMG-CoA Reductase inhibitors (Statins),Q14994
101,fluvastatin,HMG-CoA Reductase inhibitors (Statins),P04035
102,fluvastatin,HMG-CoA Reductase inhibitors (Statins),Q92769
103,rosuvastatin,HMG-CoA Reductase inhibitors (Statins),P04035
104,rosuvastatin,HMG-CoA Reductase inhibitors (Statins),P20701
105,gemfibrozil,Fibrates,Q07869
106,gemfibrozil,Fibrates,Q9Y6L6
107,gemfibrozil,Fibrates,Q8TCC7
108,gemfibrozil,Fibrates,O949565
109,gemfibrozil,Fibrates,Q9NPD5
110,clofibrate,Fibrates,Q07869
111,bezafibrate,Fibrates,Q07869
112,bezafibrate,Fibrates,Q03181
113,bezafibrate,Fibrates,P37231
114,bezafibrate,Fibrates,O75469
115,bezafibrate,Fibrates,P19793
116,bezafibrate,Fibrates,P28702
117,bezafibrate,Fibrates,P48443
118,fenofibrate,Fibrates,Q07869
119,fenofibrate,Fibrates,Q9NPA2
120,fenofibrate,Fibrates,O75469
121,ciprofibrate,Fibrates,Q07869
122,ezetimibe,Cholesteron Absorption Blocker,Q9UHC9
123,ezetimibe,Cholesteron Absorption Blocker,P35610
124,ezetimibe,Cholesteron Absorption Blocker,P15144
125,Insulin aspart (NovoLog),Insulin,P06213
126,Insulin aspart (NovoLog),Insulin,P08069
127,Insulin glulisine (Apidra),Insulin,P06213
128,Insulin glulisine (Apidra),Insulin,P08069
129,Insulin lispro (Humalog),Insulin,P06213
130,Insulin lispro (Humalog),Insulin,P08069
131,"Insulin regular (Humulin R, Novolin R)",Insulin,P06213
132,"Insulin regular (Humulin R, Novolin R)",Insulin,P08069
133,"Insulin regular (Humulin R, Novolin R)",Insulin,P06400
134,"Insulin regular (Humulin R, Novolin R)",Insulin,P16870
135,"NPH, Neutral protamine Hagedorn",Insulin,P06213
136,"NPH, Neutral protamine Hagedorn",Insulin,P08069
137,"NPH, Neutral protamine Hagedorn",Insulin,P06400
138,"NPH, Neutral protamine Hagedorn",Insulin,P16870
139,Insulin glargine (Lantus/Toujeo),Insulin,P06213
140,Insulin glargine (Lantus/Toujeo),Insulin,P08069
141,Insulin detemir (Levemir),Insulin,P06213
142,Insulin detemir (Levemir),Insulin,P08069
143,Tolbutamide (orinase),Sulfonylureas,Q09428
144,Tolbutamide (orinase),Sulfonylureas,P48048
145,Chlorpropamide (diabenese),Sulfonylureas,Q09428
146,Glyburide (glynase),Sulfonylureas,Q09428
147,Glyburide (glynase),Sulfonylureas,Q14654
148,Glyburide (glynase),Sulfonylureas,O60706
149,Glyburide (glynase),Sulfonylureas,O95342
150,Glyburide (glynase),Sulfonylureas,O95477
151,Glyburide (glynase),Sulfonylureas,Q14654
152,Glyburide (glynase),Sulfonylureas,Q15842
153,Glyburide (glynase),Sulfonylureas,P50416
154,Glyburide (glynase),Sulfonylureas,P13569
155,Glyburide (glynase),Sulfonylureas,Q8TD43
156,Glipizide (glucotrol),Sulfonylureas,Q09428
157,Glipizide (glucotrol),Sulfonylureas,P37231
158,Metformin,Metformin,Q9Y478
159,Metformin,Metformin,Q16134
160,Metformin,Metformin,P21695
161,Pioglitazone (Actos),Thiazolidinediones,P37231
162,Pioglitazone (Actos),Thiazolidinediones,P27338
163,Rosiglitazone (Avandia),Thiazolidinediones,P37231
164,Rosiglitazone (Avandia),Thiazolidinediones,O60488
165,Rosiglitazone (Avandia),Thiazolidinediones,Q07869
166,Rosiglitazone (Avandia),Thiazolidinediones,Q03181
167,Rosiglitazone (Avandia),Thiazolidinediones,P19793
168,Rosiglitazone (Avandia),Thiazolidinediones,P28702
169,Rosiglitazone (Avandia),Thiazolidinediones,P48443
170,Lobeglitazone,Thiazolidinediones,P37231
171,Acarbose,Alpha-glucosidase Inhibitors,O43451
172,Acarbose,Alpha-glucosidase Inhibitors,P04746
173,Acarbose,Alpha-glucosidase Inhibitors,P10253
174,Acarbose,Alpha-glucosidase Inhibitors,P14410
175,Miglitol,Alpha-glucosidase Inhibitors,O43451
176,Miglitol,Alpha-glucosidase Inhibitors,P10253
177,Miglitol,Alpha-glucosidase Inhibitors,Q14697
178,Miglitol,Alpha-glucosidase Inhibitors,Q8TET4
179,Exenatide,Glucagon-like peptide-1 blockers,P43220
180,Sitagliptin,Glucagon-like peptide-1 blockers,P27487
181,Canagliflozin,Glucagon-like peptide-1 blockers,P31639
182,propranolol,Beta Blockers,P08588
183,propranolol,Beta Blockers,P07550
184,propranolol,Beta Blockers,P13945
185,propranolol,Beta Blockers,P08908
186,propranolol,Beta Blockers,P28222
187,carvedilol,Beta Blockers,P08588
188,carvedilol,Beta Blockers,P35348
189,carvedilol,Beta Blockers,O95298
190,carvedilol,Beta Blockers,P07550
191,carvedilol,Beta Blockers,P15692
192,carvedilol,Beta Blockers,P16860
193,carvedilol,Beta Blockers,P17302
194,carvedilol,Beta Blockers,Q12809
195,carvedilol,Beta Blockers,P19320
196,carvedilol,Beta Blockers,P25100
197,carvedilol,Beta Blockers,P35368
198,carvedilol,Beta Blockers,P18825
199,carvedilol,Beta Blockers,P18089
200,carvedilol,Beta Blockers,P08913
201,carvedilol,Beta Blockers,P16581
202,carvedilol,Beta Blockers,Q16665
203,carvedilol,Beta Blockers,P48050
204,carvedilol,Beta Blockers,P63252
205,carvedilol,Beta Blockers,P35348
206,carvedilol,Beta Blockers,P35368
207,carvedilol,Beta Blockers,P25100
208,carteolol,Beta Blockers,P07550
209,carteolol,Beta Blockers,P08588
210,labetalol,Beta Blockers,P08588
211,labetalol,Beta Blockers,P07550
212,labetalol,Beta Blockers,P35348
213,labetalol,Beta Blockers,P35368
214,labetalol,Beta Blockers,P25100
215,oxprenolol,Beta Blockers,P08588
216,oxprenolol,Beta Blockers,P07550
217,oxprenolol,Beta Blockers,P13945
218,penbutolol,Beta Blockers,P08588
219,penbutolol,Beta Blockers,P07550
220,penbutolol,Beta Blockers,P08908
221,penbutolol,Beta Blockers,P28222
222,pindolol,Beta Blockers,P08588
223,pindolol,Beta Blockers,P07550
224,pindolol,Beta Blockers,P08908
225,pindolol,Beta Blockers,P28222
226,pindolol,Beta Blockers,P13945
227,sotalol,Beta Blockers,Q12809
228,sotalol,Beta Blockers,P08588
229,sotalol,Beta Blockers,P07550
230,timolol,Beta Blockers,P08588
231,timolol,Beta Blockers,P07550
232,timolol,Beta Blockers,P00720
233,acebutolol,Beta Blockers,P08588
234,acebutolol,Beta Blockers,P07550
235,atenolol,Beta Blockers,P08588
236,atenolol,Beta Blockers,P07550
237,betaxolol,Beta Blockers,P08588
238,betaxolol,Beta Blockers,P07550
239,bisoprolol,Beta Blockers,P08588
240,bisoprolol,Beta Blockers,P07550
241,celiprolol,Beta Blockers,P08588
242,celiprolol,Beta Blockers,P07550
243,celiprolol,Beta Blockers,P13945
244,celiprolol,Beta Blockers,P08913
245,celiprolol,Beta Blockers,P18089
246,celiprolol,Beta Blockers,P18825
247,metoprolol,Beta Blockers,P08588
248,metoprolol,Beta Blockers,P07550
249,nebivolol,Beta Blockers,P08588
250,nebivolol,Beta Blockers,P07550
251,nebivolol,Beta Blockers,P13945
252,esmolol,Beta Blockers,P08588
253,furosemide,Diuretics,Q13621
254,furosemide,Diuretics,P00918
255,furosemide,Diuretics,Q9HC97
256,torsemide,Diuretics,Q13621
257,torsemide,Diuretics,P55011
258,bumetanide,Diuretics,Q13621
259,bumetanide,Diuretics,P55011
260,bumetanide,Diuretics,Q9UP95
261,bumetanide,Diuretics,Q9H2X9
262,bumetanide,Diuretics,P13569
263,ethacrynic acid,Diuretics,P05023
264,ethacrynic acid,Diuretics,Q13621
265,ethacrynic acid,Diuretics,Q9UJU2
266,ethacrynic acid,Diuretics,P09211
267,metolazone,Diuretics,P55017
268,eplerenone,Diuretics,P08235
269,spironolactone,Diuretics,P08235
270,spironolactone,Diuretics,P10275
271,spironolactone,Diuretics,P06401
272,spironolactone,Diuretics,P04150
273,spironolactone,Diuretics,P19099
274,spironolactone,Diuretics,P05093
275,spironolactone,Diuretics,P18405
276,spironolactone,Diuretics,P31213
277,spironolactone,Diuretics,Q9H8P0
278,spironolactone,Diuretics,P04278
279,spironolactone,Diuretics,Q06432
280,spironolactone,Diuretics,Q9Y698
281,spironolactone,Diuretics,O60359
282,spironolactone,Diuretics,Q9UBN1
283,spironolactone,Diuretics,Q9UF02
284,spironolactone,Diuretics,Q9BXT2
285,spironolactone,Diuretics,P62955
286,spironolactone,Diuretics,Q8WXS5
287,spironolactone,Diuretics,P54289
288,spironolactone,Diuretics,Q9NY47
289,spironolactone,Diuretics,Q8IZS8
290,spironolactone,Diuretics,Q7Z3S7
291,spironolactone,Diuretics,Q13936
292,spironolactone,Diuretics,Q01668
293,spironolactone,Diuretics,O60840
294,spironolactone,Diuretics,Q13698
295,spironolactone,Diuretics,Q02641
296,spironolactone,Diuretics,Q08289
297,spironolactone,Diuretics,P54284
298,spironolactone,Diuretics,O00305
299,spironolactone,Diuretics,Q00975
300,spironolactone,Diuretics,O00555
301,spironolactone,Diuretics,Q15878
302,spironolactone,Diuretics,O43497
303,spironolactone,Diuretics,O95180
304,spironolactone,Diuretics,Q9P0X4
305,spironolactone,Diuretics,O75469
306,triamterene,Diuretics,P51170
307,triamterene,Diuretics,P37088
308,triamterene,Diuretics,P51168
309,triamterene,Diuretics,P51172
310,amiloride,Diuretics,P37088
311,amiloride,Diuretics,P51168
312,amiloride,Diuretics,P51170
313,amiloride,Diuretics,P51172
314,amiloride,Diuretics,P19801
315,amiloride,Diuretics,Q16515
316,amiloride,Diuretics,P78348
317,amiloride,Diuretics,P19634
318,amiloride,Diuretics,P00749
319,amlodipine,Diuretics,Q13936
320,amlodipine,Diuretics,Q00975
321,amlodipine,Diuretics,Q02641
322,amlodipine,Diuretics,Q8IZS8
323,amlodipine,Diuretics,P00915
324,amlodipine,Diuretics,P17405
325,amlodipine,Diuretics,Q9P0X4
326,amlodipine,Diuretics,A0A024R8I1
327,amlodipine,Diuretics,Q00975
328,verapamil,Diuretics,Q13936
329,verapamil,Diuretics,Q00975
330,verapamil,Diuretics,O00555
331,verapamil,Diuretics,Q14654
332,verapamil,Diuretics,O43497
333,verapamil,Diuretics,O95180
334,verapamil,Diuretics,Q12809
335,verapamil,Diuretics,P31645
336,verapamil,Diuretics,P35348
337,verapamil,Diuretics,P35368
338,verapamil,Diuretics,P25100
339,felodipine,Diuretics,Q13936
340,felodipine,Diuretics,P54289
341,felodipine,Diuretics,Q08289
342,felodipine,Diuretics,Q01668
343,felodipine,Diuretics,Q13698
344,felodipine,Diuretics,O95180
345,felodipine,Diuretics,Q9NY47
346,felodipine,Diuretics,P0DP23
347,felodipine,Diuretics,Q01064
348,felodipine,Diuretics,P54750
349,felodipine,Diuretics,P08235
350,felodipine,Diuretics,P02585
351,felodipine,Diuretics,P63316
352,isradipine,Diuretics,Q13936
353,isradipine,Diuretics,P54289
354,isradipine,Diuretics,Q08289
355,isradipine,Diuretics,O95180
356,isradipine,Diuretics,Q9NY47
357,isradipine,Diuretics,Q01668
358,isradipine,Diuretics,Q13698
359,nicardipine,Diuretics,Q13936
360,nicardipine,Diuretics,Q08289
361,nicardipine,Diuretics,P54289
362,nicardipine,Diuretics,Q01668
363,nicardipine,Diuretics,P54750
364,nicardipine,Diuretics,Q01064
365,nicardipine,Diuretics,P35348
366,nicardipine,Diuretics,P35368
367,nicardipine,Diuretics,P25100
368,nicardipine,Diuretics,P11229
369,nicardipine,Diuretics,P08172
370,nicardipine,Diuretics,P20309
371,nicardipine,Diuretics,P08173
372,nicardipine,Diuretics,P08912
373,nicardipine,Diuretics,P0DP23
374,nifedipine,Calcium Antagonist,Q13936
375,nifedipine,Calcium Antagonist,O75469
376,nifedipine,Calcium Antagonist,P0DP23
377,nifedipine,Calcium Antagonist,Q01668
378,nifedipine,Calcium Antagonist,Q13698
379,nifedipine,Calcium Antagonist,Q08289
380,nifedipine,Calcium Antagonist,Q9UK17
381,nifedipine,Calcium Antagonist,O43497
382,nifedipine,Calcium Antagonist,O95180
383,nifedipine,Calcium Antagonist,Q9P0X4
384,diltiazem,Calcium Antagonist,Q06432
385,diltiazem,Calcium Antagonist,Q13936
386,nisoldipine,Calcium Antagonist,Q13936
387,nisoldipine,Calcium Antagonist,P54289
388,nisoldipine,Calcium Antagonist,Q08289
389,nisoldipine,Calcium Antagonist,Q01668
390,nisoldipine,Calcium Antagonist,Q13698
391,captopril,ACE Inhibitors,P12821
392,captopril,ACE Inhibitors,P08253
393,captopril,ACE Inhibitors,P14780
394,captopril,ACE Inhibitors,P09960
395,captopril,ACE Inhibitors,P46663
396,lisinopril,ACE Inhibitors,P12821
397,lisinopril,ACE Inhibitors,P00797
398,enalapril,ACE Inhibitors,P12821
399,benazepril,ACE Inhibitors,P12821
400,fosinopril,ACE Inhibitors,P12821
401,ramipril,ACE Inhibitors,P12821
402,ramipril,ACE Inhibitors,P46663
403,quinapril,ACE Inhibitors,P12821
404,perindopril,ACE Inhibitors,P12821
405,perindopril,ACE Inhibitors,Q6FHJ7
406,digoxin,Inotropes,P05023
407,berberine,Inotropes,P0A0N5
408,berberine,Inotropes,O15392
409,dopamine,Inotropes,P14416
410,dopamine,Inotropes,P21728
411,dopamine,Inotropes,P21918
412,dopamine,Inotropes,P35462
413,dopamine,Inotropes,P21917
414,dopamine,Inotropes,Q01959
415,dopamine,Inotropes,P09172
416,dopamine,Inotropes,P08908
417,dopamine,Inotropes,P34969
418,dopamine,Inotropes,P21728
419,dopamine,Inotropes,P21918
420,dopamine,Inotropes,P23975
421,dopamine,Inotropes,P31645
422,dopamine,Inotropes,P46098
423,dopamine,Inotropes,O95264
424,dopamine,Inotropes,P00441
425,dopamine,Inotropes,Q05940
426,dobutamine,Inotropes,P08588
427,dobutamine,Inotropes,P07550
428,dobutamine,Inotropes,P35348
429,dobutamine,Inotropes,P35368
430,dobutamine,Inotropes,P25100
431,dobutamine,Inotropes,P03372
432,epinephrine,Inotropes,P35348
433,epinephrine,Inotropes,P35368
434,epinephrine,Inotropes,P08588
435,epinephrine,Inotropes,P07550
436,epinephrine,Inotropes,P08913
437,epinephrine,Inotropes,P25100
438,epinephrine,Inotropes,P09172
439,epinephrine,Inotropes,P01375
440,isoprenaline,Inotropes,P08588
441,isoprenaline,Inotropes,P07550
442,isoprenaline,Inotropes,P13945
443,isoprenaline,Inotropes,P28482
444,isoprenaline,Inotropes,P27986
445,isoprenaline,Inotropes,O00459
446,isoprenaline,Inotropes,Q92569
447,isoprenaline,Inotropes,Q4ZHU6
448,isoprenaline,Inotropes,P00441
449,norepinephrine,Inotropes,P35348
450,norepinephrine,Inotropes,P35368
451,norepinephrine,Inotropes,P25100
452,norepinephrine,Inotropes,P08913
453,norepinephrine,Inotropes,P18089
454,norepinephrine,Inotropes,P18825
455,norepinephrine,Inotropes,P08588
456,norepinephrine,Inotropes,P07550
457,norepinephrine,Inotropes,P13945
458,norepinephrine,Inotropes,P00439
459,norepinephrine,Inotropes,Q05940
460,norepinephrine,Inotropes,P54219
461,enoximone,Phosphodiesterase Inhbitors,Q14432
462,milrinone,Phosphodiesterase Inhbitors,Q14433
463,amrinone,Phosphodiesterase Inhbitors,Q14432
464,amrinone,Phosphodiesterase Inhbitors,P01375
465,amrinone,Phosphodiesterase Inhbitors,Q13370
466,amrinone,Phosphodiesterase Inhbitors,P28482
467,amrinone,Phosphodiesterase Inhbitors,P27815
468,amrinone,Phosphodiesterase Inhbitors,Q07343
469,amrinone,Phosphodiesterase Inhbitors,Q08493
470,amrinone,Phosphodiesterase Inhbitors,Q08499
471,amrinone,Phosphodiesterase Inhbitors,N/A
472,theophylline,Phosphodiesterase Inhbitors,P30542
473,theophylline,Phosphodiesterase Inhbitors,P29274
474,theophylline,Phosphodiesterase Inhbitors,P29275
475,theophylline,Phosphodiesterase Inhbitors,Q07343
476,theophylline,Phosphodiesterase Inhbitors,O76074
477,theophylline,Phosphodiesterase Inhbitors,P27815
478,theophylline,Phosphodiesterase Inhbitors,Q14432
479,theophylline,Phosphodiesterase Inhbitors,Q92769
480,theophylline,Phosphodiesterase Inhbitors,Q99829
481,theophylline,Phosphodiesterase Inhbitors,Q8TCT9
482,theophylline,Phosphodiesterase Inhbitors,Q15155
483,theophylline,Phosphodiesterase Inhbitors,P09874
484,theophylline,Phosphodiesterase Inhbitors,Q7Z5B4
485,theophylline,Phosphodiesterase Inhbitors,O9Y4R7
486,nitroglycerin,Vasodilators,P16066
487,isosorbide dinitrate,Vasodilators,P16067
488,hydralazine,Vasodilators,Q16853
489,hydralazine,Vasodilators,P13674
490,hydralazine,Vasodilators,Q16665
491,nitric oxide,Vasodilators,P33402
492,nitric oxide,Vasodilators,P04731
493,nitric oxide,Vasodilators,P14902
494,sildenafil,Vasodilators,O76074
495,sildenafil,Vasodilators,P18545
496,sildenafil,Vasodilators,Q13956
497,tadalafil,Vasodilators,O76074
498,tadalafil,Vasodilators,9HCR9
499,bosentan,Vasodilators,P25101
500,bosentan,Vasodilators,P24530
501,minoxidil,Vasodilators,P48048
502,minoxidil,Vasodilators,P23219
503,minoxidil,Vasodilators,P00797
504,nitroprusside,Vasodilators,P16066
505,losartan,Angiotensin II Antagonists,P30556
506,valsartan,Angiotensin II Antagonists,P30556
507,candesartan,Angiotensin II Antagonists,P30556
508,telmisartan,Angiotensin II Antagonists,P30556
509,telmisartan,Angiotensin II Antagonists,P37231
510,fimasartan,Angiotensin II Antagonists,P30556
511,olmesartan,Angiotensin II Antagonists,P30556
512,irbesartan,Angiotensin II Antagonists,P30556
513,irbesartan,Angiotensin II Antagonists,P05412
514,conivaptan,Vasopressin Antagonists,P37288
515,conivaptan,Vasopressin Antagonists,P30518
516,relcovaptan,Vasopressin Antagonists,P30559
517,relcovaptan,Vasopressin Antagonists,P37288
518,tolvaptan,Vasopressin Antagonists,P30518
519,tolvaptan,Vasopressin Antagonists,P37288
520,quinidine,Na Channel Blockers,Q14525
521,quinidine,Na Channel Blockers,P26358
522,quinidine,Na Channel Blockers,Q12809
523,ajmaline,Na Channel Blockers,Q14524
524,procainamide,Na Channel Blockers,Q14525
525,procainamide,Na Channel Blockers,O00180
526,procainamide,Na Channel Blockers,Q9Y257
527,procainamide,Na Channel Blockers,Q12809
528,procainamide,Na Channel Blockers,P35348
529,procainamide,Na Channel Blockers,P35368
530,procainamide,Na Channel Blockers,P25100
531,disopyramide,Na Channel Blockers,Q14524
532,disopyramide,Na Channel Blockers,P11229
533,disopyramide,Na Channel Blockers,P08172
534,disopyramide,Na Channel Blockers,P20309
535,disopyramide,Na Channel Blockers,Q9NZV8
536,disopyramide,Na Channel Blockers,Q9UK17
537,disopyramide,Na Channel Blockers,Q12809
538,disopyramide,Na Channel Blockers,P19652
539,lidocaine,Na Channel Blockers,Q9Y5Y9
540,lidocaine,Na Channel Blockers,Q15858
541,lidocaine,Na Channel Blockers,Q14524
542,lidocaine,Na Channel Blockers,P00533
543,lidocaine,Na Channel Blockers,P35499
544,lidocaine,Na Channel Blockers,P02763
545,lidocaine,Na Channel Blockers,P19652
546,phenytoin,Na Channel Blockers,Q14524
547,phenytoin,Na Channel Blockers,P35498
548,phenytoin,Na Channel Blockers,O75469
549,phenytoin,Na Channel Blockers,Q07699
550,phenytoin,Na Channel Blockers,Q9NY46
551,phenytoin,Na Channel Blockers,Q12809
552,phenytoin,Na Channel Blockers,Q13936
553,phenytoin,Na Channel Blockers,Q01668
554,phenytoin,Na Channel Blockers,O60840
555,phenytoin,Na Channel Blockers,Q13698
556,phenytoin,Na Channel Blockers,Q02641
557,phenytoin,Na Channel Blockers,Q08289
558,phenytoin,Na Channel Blockers,P54284
559,phenytoin,Na Channel Blockers,O00305
560,phenytoin,Na Channel Blockers,O00555
561,phenytoin,Na Channel Blockers,Q99250
562,phenytoin,Na Channel Blockers,Q9UQD0
563,phenytoin,Na Channel Blockers,P14867
564,phenytoin,Na Channel Blockers,P47869
565,phenytoin,Na Channel Blockers,P34903
566,phenytoin,Na Channel Blockers,P48169
567,phenytoin,Na Channel Blockers,P31644
568,phenytoin,Na Channel Blockers,Q16445
569,phenytoin,Na Channel Blockers,P18505
570,phenytoin,Na Channel Blockers,P47870
571,phenytoin,Na Channel Blockers,P28472
572,phenytoin,Na Channel Blockers,O14764
573,phenytoin,Na Channel Blockers,P78334
574,phenytoin,Na Channel Blockers,Q8N1C3
575,phenytoin,Na Channel Blockers,P18507
576,phenytoin,Na Channel Blockers,Q99928
577,phenytoin,Na Channel Blockers,O00591
578,phenytoin,Na Channel Blockers,Q9UN88
579,mexiletine,Na Channel Blockers,Q14524
580,mexiletine,Na Channel Blockers,P35869
581,tocainide,Na Channel Blockers,Q14524
582,encainide,Na Channel Blockers,Q14524
583,encainide,Na Channel Blockers,P35499
584,encainide,Na Channel Blockers,Q12809
585,encainide,Na Channel Blockers,Q92736
586,flecainide,Na Channel Blockers,Q14524
587,flecainide,Na Channel Blockers,P35499
588,flecainide,Na Channel Blockers,Q12809
589,flecainide,Na Channel Blockers,Q92737
590,propafenone,Na Channel Blockers,Q14524
591,propafenone,Na Channel Blockers,Q12809
592,propafenone,Na Channel Blockers,P08588
593,propafenone,Na Channel Blockers,P07550
594,moricizine,Na Channel Blockers,Q14524
595,amiodarone,Potassium Channel Blockers,Q12809
596,amiodarone,Potassium Channel Blockers,Q9H252
597,amiodarone,Potassium Channel Blockers,Q9NS40
598,amiodarone,Potassium Channel Blockers,P08588
599,amiodarone,Potassium Channel Blockers,P07550
600,amiodarone,Potassium Channel Blockers,P13945
601,amiodarone,Potassium Channel Blockers,Q9P0X4
602,amiodarone,Potassium Channel Blockers,Q13936
603,amiodarone,Potassium Channel Blockers,Q01668
604,amiodarone,Potassium Channel Blockers,O60840
605,amiodarone,Potassium Channel Blockers,Q13698
606,amiodarone,Potassium Channel Blockers,Q02641
607,amiodarone,Potassium Channel Blockers,Q08289
608,amiodarone,Potassium Channel Blockers,P54284
609,amiodarone,Potassium Channel Blockers,O00305
610,amiodarone,Potassium Channel Blockers,O00555
611,amiodarone,Potassium Channel Blockers,P10827 
612,amiodarone,Potassium Channel Blockers,P10828
613,amiodarone,Potassium Channel Blockers,P37231
614,amiodarone,Potassium Channel Blockers,Q07869
615,amiodarone,Potassium Channel Blockers,Q86YN6
616,sotalol,Potassium Channel Blockers,Q12809
617,sotalol,Potassium Channel Blockers,P08588
618,sotalol,Potassium Channel Blockers,P07550
619,ibutilide,Potassium Channel Blockers,Q13936
620,ibutilide,Potassium Channel Blockers,Q02641
621,ibutilide,Potassium Channel Blockers,Q12809
622,ibutilide,Potassium Channel Blockers,P54289
623,ibutilide,Potassium Channel Blockers,Q06432
624,ibutilide,Potassium Channel Blockers,O00180
625,ibutilide,Potassium Channel Blockers,Q9Y257
626,ibutilide,Potassium Channel Blockers,Q9H252
627,ibutilide,Potassium Channel Blockers,Q9NS40
628,ibutilide,Potassium Channel Blockers,Q14654
629,dofetilide,Potassium Channel Blockers,Q12809
630,dofetilide,Potassium Channel Blockers,O95069
631,dofetilide,Potassium Channel Blockers,Q14500
632,dronedarone,Potassium Channel Blockers,P35348
633,dronedarone,Potassium Channel Blockers,P35368
634,dronedarone,Potassium Channel Blockers,P25100
635,dronedarone,Potassium Channel Blockers,P08913
636,dronedarone,Potassium Channel Blockers,P18089
637,dronedarone,Potassium Channel Blockers,P18825
638,dronedarone,Potassium Channel Blockers,P08588
639,dronedarone,Potassium Channel Blockers,Q12809
640,dronedarone,Potassium Channel Blockers,Q13936
641,dronedarone,Potassium Channel Blockers,Q01668
642,dronedarone,Potassium Channel Blockers,O60840
643,dronedarone,Potassium Channel Blockers,Q13698
644,dronedarone,Potassium Channel Blockers,Q02641
645,dronedarone,Potassium Channel Blockers,Q08289
646,dronedarone,Potassium Channel Blockers,P54284
647,dronedarone,Potassium Channel Blockers,O00305
648,dronedarone,Potassium Channel Blockers,O95069
649,dronedarone,Potassium Channel Blockers,Q14525
650,dronedarone,Potassium Channel Blockers,P48549
651,dronedarone,Potassium Channel Blockers,P51787
652,dronedarone,Potassium Channel Blockers,Q14500
653,dronedarone,Potassium Channel Blockers,Q9UNX9
654,dronedarone,Potassium Channel Blockers,P63252
655,dronedarone,Potassium Channel Blockers,P48050
656,dronedarone,Potassium Channel Blockers,P32418
657,dronedarone,Potassium Channel Blockers,Q9UK17
658,dronedarone,Potassium Channel Blockers,P10827
659,vernakalant,Potassium Channel Blockers,Q14524
660,vernakalant,Potassium Channel Blockers,P22460
661,vernakalant,Potassium Channel Blockers,Q9UK17
662,vernakalant,Potassium Channel Blockers,Q12809
663,verapamil,Calcium Channel Blockers,Q13936
664,verapamil,Calcium Channel Blockers,Q00975
665,verapamil,Calcium Channel Blockers,O00555
666,verapamil,Calcium Channel Blockers,Q14654
667,verapamil,Calcium Channel Blockers,O43497
668,verapamil,Calcium Channel Blockers,O95180
669,verapamil,Calcium Channel Blockers,Q12809
670,verapamil,Calcium Channel Blockers,P31645
671,verapamil,Calcium Channel Blockers,P35348
672,verapamil,Calcium Channel Blockers,P35368
673,verapamil,Calcium Channel Blockers,P25100
674,diltiazem,Calcium Channel Blockers,Q06432
675,diltiazem,Calcium Channel Blockers,Q13936
676,adenosine,Other Anti Arrhythmics,P29274
677,adenosine,Other Anti Arrhythmics,P29275
678,adenosine,Other Anti Arrhythmics,P0DMS8
679,adenosine,Other Anti Arrhythmics,P30542
680,digoxin,Other Anti Arrhythmics,P05023
681,magnesium sulfate,Other Anti Arrhythmics,Q13936
682,magnesium sulfate,Other Anti Arrhythmics,Q01668
683,magnesium sulfate,Other Anti Arrhythmics,O60840
684,magnesium sulfate,Other Anti Arrhythmics,Q13698
685,magnesium sulfate,Other Anti Arrhythmics,Q02641
686,magnesium sulfate,Other Anti Arrhythmics,Q08289
687,magnesium sulfate,Other Anti Arrhythmics,P54284
688,magnesium sulfate,Other Anti Arrhythmics,O00305
689,magnesium sulfate,Other Anti Arrhythmics,O00555
690,atropine,Other Anti Arrhythmics,P11229
691,atropine,Other Anti Arrhythmics,P08172
692,atropine,Other Anti Arrhythmics,P20309
693,atropine,Other Anti Arrhythmics,P08173
694,atropine,Other Anti Arrhythmics,P08912
695,atropine,Other Anti Arrhythmics,P23415
696,atropine,Other Anti Arrhythmics,P43681
697,atropine,Other Anti Arrhythmics,P17787
