﻿name,id
Amyloid beta A4 protein,P05067
Matrix metalloproteinase-9,P14780
Voltage-dependent P/Q-type calcium channel subunit alpha-1A,O00555
Extracellular calcium-sensing receptor,P41180
"Nitric oxide synthase, brain",P29475
Dystrophin,P11532
Gap junction alpha-1 protein,P17302
Caveolin-1,Q03135
Dopamine D2 receptor,P14416
P2X purinoceptor 3,P56373
"Troponin I, cardiac muscle",P19429
Connexin-43,A0A654IBU3
Presenilin-1,P49768
78 kDa glucose-regulated protein,P11021
Presenilin-2,P49810
Calcium-activated potassium channel subunit alpha-1,Q12791
Protein kinase C alpha type,P17252
Ryanodine receptor 1,P21817
Ryanodine receptor 2,Q92736
Calcium and integrin-binding protein 1,Q99828
Proprotein convertase subtilisin/kexin type 9,Q8NBP7
Polycystin-1,P98161
Sarcoplasmic/endoplasmic reticulum calcium ATPase 2,P16615
Polycystin-2,Q13563
Cardiac phospholamban,P26678
Peptidyl-prolyl cis-trans isomerase FKBP4,Q02790
Cardiac phospholamban,Q5R352
Sodium/hydrogen exchanger 1,P19634
"Glutamate receptor ionotropic, NMDA 2C",Q14957
Natural resistance-associated macrophage protein 2,P49281
Caveolin-3,P56539
Syntaxin-1A,Q16623
Short transient receptor potential channel 4,Q9UBN4
Sorcin,P30626
Gap junction alpha-4 protein,P35212
Integrin beta-1,P05556
Stromal interaction molecule 1,Q13586
Calmodulin,P0DP23
Transient receptor potential cation channel subfamily M member 2,O94759
cAMP-dependent protein kinase catalytic subunit alpha,P17612
Glutathione S-transferase omega-1,P78417
Calmodulin-3,P0DP25
Annexin A7,P20073
Voltage-dependent L-type calcium channel subunit alpha,A0A0A0MR67
Osm-9-like TRP channel 1,E7EQ78
Kv channel-interacting protein 2,Q9NS61
Tyrosine-protein kinase Fyn,P06241
Natriuretic peptides A,P01160
"Inositol 1,4,5-trisphosphate receptor type 1",Q14643
Peptidyl-prolyl cis-trans isomerase FKBP1A,P62942
Triadin,Q13061
Sodium channel protein type 5 subunit alpha,Q14524
Serum paraoxonase/arylesterase 1,P27169
Voltage-dependent anion-selective channel protein 1,P21796
Plasma membrane calcium-transporting ATPase 4,P23634
Ankyrin-2,Q01484
Transient receptor potential cation channel subfamily M member 4,Q8TD43
Neurexin-1,Q9ULB1
Alpha-actinin-2,P35609
Calsequestrin-2,O14958
Myc box-dependent-interacting protein 1,O00499
Junctophilin-2,Q9BR39
"Inositol 1,4,5-trisphosphate receptor type 2",Q14571
Peptidyl-prolyl cis-trans isomerase FKBP1B,P68106
Alpha-actinin-1,P12814
Potassium voltage-gated channel subfamily B member 1,Q14721
Selenoprotein N,Q9NZV5
14-3-3 protein epsilon,P62258
Voltage-dependent L-type calcium channel subunit beta-2,Q08289
Calcineurin B homologous protein 1,Q99653
Galanin receptor type 2,O43603
Calmodulin-2,P0DP24
Voltage-dependent L-type calcium channel subunit beta-1,Q02641
Calcium/calmodulin-dependent protein kinase type II subunit delta,Q13557
Serine/threonine-protein kinase Sgk1,O00141
Protein diaphanous homolog 1,O60610
A-kinase anchor protein 6,Q13023
"Inositol 1,4,5-trisphosphate receptor type 3",Q14573
Phosphofurin acidic cluster sorting protein 2,Q86VP3
Carboxyl-terminal PDZ ligand of neuronal nitric oxide synthase protein,O75052
Sodium/calcium exchanger 1,P32418
Serine/threonine-protein phosphatase 2B catalytic subunit alpha isoform,Q08209
Bcl-2 homologous antagonist/killer,Q16611
Voltage-dependent L-type calcium channel subunit alpha-1C,Q13936
Na(+)/H(+) exchange regulatory cofactor NHE-RF4,Q86UT5
Alpha-1-syntrophin,Q13424
Potassium voltage-gated channel subfamily A member 5,P22460
Potassium channel subfamily K member 3,O14649
Calcium-activated potassium channel subunit beta-2,Q9Y691
Calcium release-activated calcium channel protein 1,Q96D31
Polycystic kidney disease 2-like 1 protein,Q9P0L9
Junctophilin-1,Q9HDC5
Aspartyl/asparaginyl beta-hydroxylase,Q12797
Chloride intracellular channel protein 4,Q9Y696
Sarcoplasmic reticulum histidine-rich calcium-binding protein,P23327
Beta-2-syntrophin,Q13425
Chloride intracellular channel protein 2,O15247
Calcium-activated potassium channel subunit beta-3,Q9NPA1
Protein tweety homolog 3,Q9C0H2
Voltage-dependent L-type calcium channel subunit alpha-1D,Q01668
Voltage-dependent L-type calcium channel subunit alpha,A0A0A0MSA1
Voltage-dependent T-type calcium channel subunit alpha-1G,O43497
"cAMP-specific 3',5'-cyclic phosphodiesterase 4D",Q08499
Voltage-dependent calcium channel subunit alpha-2/delta-1,P54289
"Calcium uniporter protein, mitochondrial",Q8NE86
Calcium uniporter protein,S4R468
Calcium uniporter protein,B4DWD0
Voltage-dependent T-type calcium channel subunit alpha-1H,O95180
Voltage-dependent calcium channel gamma-8 subunit,Q8WXS5
Leucine-rich repeat serine/threonine-protein kinase 2,Q5S007
Protein kinase C and casein kinase substrate in neurons protein 3,Q9UKS6
Voltage-dependent L-type calcium channel subunit alpha,F5H638
Voltage-dependent L-type calcium channel subunit alpha,F5GY28
Voltage-dependent L-type calcium channel subunit alpha,E9PDI6
Voltage-dependent L-type calcium channel subunit alpha,F5H522
Voltage-dependent calcium channel gamma-7 subunit,P62955
Voltage-dependent calcium channel subunit alpha-2/delta-2,Q9NY47
Calcium channel voltage-dependent subunit beta 2,A0A087WVX5
Voltage-dependent L-type calcium channel subunit beta-2,Q09MK0
Calcium channel voltage-dependent subunit beta 2,Q5VVH1
Voltage-dependent L-type calcium channel subunit beta-2,A0A024RAF1
Calcium channel voltage-dependent subunit beta 2,Q6TME0
Voltage-dependent calcium channel gamma-4 subunit,Q9UBN1
Calcium channel voltage-dependent subunit beta 1,Q6TME4
Polycystic kidney disease protein 1-like 1,Q8TDX9
Protein tweety homolog 2,Q9BSA4
Protein Wnt-3a,P56704
Sodium/potassium/calcium exchanger 1,O60721
EH domain-containing protein 3,Q9NZN3
Polycystic kidney disease protein 1-like 2,Q7Z442
Voltage-dependent calcium channel gamma-6 subunit,Q9BXT2
Autosomal dominant polycystic kidney disease type II protein,A0A075B6G3
Autosomal dominant polycystic kidney disease type II protein,H7BY35